Case Number,Case Title,Evidence ID,Evidence Type,Artifact Title,Target Filename,Prompt
CIV-2012-001,Dwarka Sector 23 Cash Van Robbery,EVD-001-002,CCTV_FOOTAGE,CAM-01 Still — Grey Tracksuit (07:43:12),d7479ace1574d92626a6070ad3004d1e43497cdf6d1e0a71d0f6588874392483.png,"Grainy 1080p surveillance CCTV security camera frame at night, Dwarka Sector 23, Delhi NCR, depicting CAM-01 Still — Grey Tracksuit (07:43:12) (Dwarka Sector 23 Cash Van Robbery (2012)). Dark urban environment, overhead streetlights, digital timestamp and red REC [LIVE] indicator overlay in corner, forensic law enforcement evidence camera capture."
CIV-2012-001,Dwarka Sector 23 Cash Van Robbery,EVD-001-017,CCTV_FOOTAGE,CAM-04 Najafgarh — Two Motorcycles 06:10,9792de078a4068a2e819edd111a6729c5ad5dbdb07add6f14ce9b33987c1706e.png,"Grainy 1080p surveillance CCTV security camera frame at night, Dwarka Sector 23, Delhi NCR, depicting CAM-04 Najafgarh — Two Motorcycles 06:10 (Dwarka Sector 23 Cash Van Robbery (2012)). Dark urban environment, overhead streetlights, digital timestamp and red REC [LIVE] indicator overlay in corner, forensic law enforcement evidence camera capture."
CIV-2012-001,Dwarka Sector 23 Cash Van Robbery,VIS-001-001,PHOTOGRAPH,CIVIX-001 — Visual Artifact 01,2e1ad31d77e4fffcde6b81c12cc2d492af4e2f1073f89ee03b2b3a898843df07.png,"Authentic field crime scene photograph captured with 35mm DSLR lens, realistic lighting, detailed forensic evidence capture at Dwarka Sector 23, Delhi NCR: CIVIX-001 — Visual Artifact 01 related to Dwarka Sector 23 Cash Van Robbery (2012). Indian Police investigation unit evidence standards."
CIV-2012-001,Dwarka Sector 23 Cash Van Robbery,VIS-001-002,CCTV_FOOTAGE,CIVIX-001 — Visual Artifact 02,9e870b4a08b09a3cce5293628a2b4549a225c1942ea3cb6401bce6d02571e4de.png,"Grainy 1080p surveillance CCTV security camera frame at night, Dwarka Sector 23, Delhi NCR, depicting CIVIX-001 — Visual Artifact 02 (Dwarka Sector 23 Cash Van Robbery (2012)). Dark urban environment, overhead streetlights, digital timestamp and red REC [LIVE] indicator overlay in corner, forensic law enforcement evidence camera capture."
CIV-2012-001,Dwarka Sector 23 Cash Van Robbery,VIS-001-003,SKETCH,CIVIX-001 — Visual Artifact 03,a156853b64858815a46cc0acfc6ad894d47f458b4b90fcd5ebd17cd7429aa381.png,"Police forensic composite suspect sketch on textured paper, detailed hand-drawn pencil and charcoal portrait, front view portrait of male suspect for Dwarka Sector 23 Cash Van Robbery (2012), police department evidence stamp on margin: CIVIX-001 — Visual Artifact 03."
CIV-2012-001,Dwarka Sector 23 Cash Van Robbery,VIS-001-004,PHYSICAL_EVIDENCE,CIVIX-001 — Visual Artifact 04,23d57b11c0715b79fc1056ccd71c83e3e97f670efdf6171ca6dfe1c7983c566c.png,"Macro forensic photograph of physical evidence item (CIVIX-001 — Visual Artifact 04) for Dwarka Sector 23 Cash Van Robbery (2012), placed on dark laboratory surface in Indian police forensic lab, yellow metric centimeter scale ruler alongside, sharp focus, professional laboratory evidence lighting."
CIV-2012-001,Dwarka Sector 23 Cash Van Robbery,VIS-001-005,PHOTOGRAPH,CIVIX-001 — Visual Artifact 05,8ab58196ccd962980bf63ed2c6d990d8c83d9e542cd562b38322e0f3e15dc88e.png,"Authentic field crime scene photograph captured with 35mm DSLR lens, realistic lighting, detailed forensic evidence capture at Dwarka Sector 23, Delhi NCR: CIVIX-001 — Visual Artifact 05 related to Dwarka Sector 23 Cash Van Robbery (2012). Indian Police investigation unit evidence standards."
CIV-2012-001,Dwarka Sector 23 Cash Van Robbery,VIS-001-006,PHOTOGRAPH,CIVIX-001 — Visual Artifact 06,e1b69971184bc57d824be3eb942454e3c0badee1fe579744c8a1a96efb4b5c31.png,"Authentic field crime scene photograph captured with 35mm DSLR lens, realistic lighting, detailed forensic evidence capture at Dwarka Sector 23, Delhi NCR: CIVIX-001 — Visual Artifact 06 related to Dwarka Sector 23 Cash Van Robbery (2012). Indian Police investigation unit evidence standards."
CIV-2012-001,Dwarka Sector 23 Cash Van Robbery,VIS-001-007,CCTV_FOOTAGE,CIVIX-001 — Visual Artifact 07,87d51538efd548a70aa294c834f462a88335ac9032fe623130c4a99b8e07aa69.png,"Grainy 1080p surveillance CCTV security camera frame at night, Dwarka Sector 23, Delhi NCR, depicting CIVIX-001 — Visual Artifact 07 (Dwarka Sector 23 Cash Van Robbery (2012)). Dark urban environment, overhead streetlights, digital timestamp and red REC [LIVE] indicator overlay in corner, forensic law enforcement evidence camera capture."
CIV-2012-001,Dwarka Sector 23 Cash Van Robbery,VIS-001-008,PHOTOGRAPH,CIVIX-001 — Visual Artifact 08,ce06514ec247a49931702ca673a10427d3a7cf03be53dbb5ee9335f27348e746.png,"Authentic field crime scene photograph captured with 35mm DSLR lens, realistic lighting, detailed forensic evidence capture at Dwarka Sector 23, Delhi NCR: CIVIX-001 — Visual Artifact 08 related to Dwarka Sector 23 Cash Van Robbery (2012). Indian Police investigation unit evidence standards."
CIV-2012-001,Dwarka Sector 23 Cash Van Robbery,VIS-001-009,SKETCH,CIVIX-001 — Visual Artifact 09,c1067cc4833245d8f63f372221cbd11b82cbc1f13aa0500128e96bf0575f5259.png,"Police forensic composite suspect sketch on textured paper, detailed hand-drawn pencil and charcoal portrait, front view portrait of male suspect for Dwarka Sector 23 Cash Van Robbery (2012), police department evidence stamp on margin: CIVIX-001 — Visual Artifact 09."
CIV-2012-001,Dwarka Sector 23 Cash Van Robbery,VIS-001-010,PHYSICAL_EVIDENCE,CIVIX-001 — Visual Artifact 10,c361e35307c414dbd35f3bc7b404256eaf8977f22cad604715b9fabd5b912e93.png,"Macro forensic photograph of physical evidence item (CIVIX-001 — Visual Artifact 10) for Dwarka Sector 23 Cash Van Robbery (2012), placed on dark laboratory surface in Indian police forensic lab, yellow metric centimeter scale ruler alongside, sharp focus, professional laboratory evidence lighting."
CIV-2012-001,Dwarka Sector 23 Cash Van Robbery,VIS-001-011,PHOTOGRAPH,CIVIX-001 — Visual Artifact 11,cb07f1081b64435e928f5a9b9b53965def7493e835e5614057bb3c786ca0ec9f.png,"Authentic field crime scene photograph captured with 35mm DSLR lens, realistic lighting, detailed forensic evidence capture at Dwarka Sector 23, Delhi NCR: CIVIX-001 — Visual Artifact 11 related to Dwarka Sector 23 Cash Van Robbery (2012). Indian Police investigation unit evidence standards."
CIV-2012-001,Dwarka Sector 23 Cash Van Robbery,VIS-001-012,CCTV_FOOTAGE,CIVIX-001 — Visual Artifact 12,d3bf2a91f6870d0c2736fa887362b60c4169fb3b1142963e5e4caff3becb2f0e.png,"Grainy 1080p surveillance CCTV security camera frame at night, Dwarka Sector 23, Delhi NCR, depicting CIVIX-001 — Visual Artifact 12 (Dwarka Sector 23 Cash Van Robbery (2012)). Dark urban environment, overhead streetlights, digital timestamp and red REC [LIVE] indicator overlay in corner, forensic law enforcement evidence camera capture."
CIV-2012-001,Dwarka Sector 23 Cash Van Robbery,VIS-001-013,PHOTOGRAPH,CIVIX-001 — Visual Artifact 13,b242e08eed2b22386b3620c83944edc29d1b061e66c15a9d413fd3bfdc8df36a.png,"Authentic field crime scene photograph captured with 35mm DSLR lens, realistic lighting, detailed forensic evidence capture at Dwarka Sector 23, Delhi NCR: CIVIX-001 — Visual Artifact 13 related to Dwarka Sector 23 Cash Van Robbery (2012). Indian Police investigation unit evidence standards."
CIV-2012-001,Dwarka Sector 23 Cash Van Robbery,VIS-001-014,PHYSICAL_EVIDENCE,CIVIX-001 — Visual Artifact 14,a4657b406b7debe8491023c411a2b42885ad6fa2953f4efeac502982bc04eaf3.png,"Macro forensic photograph of physical evidence item (CIVIX-001 — Visual Artifact 14) for Dwarka Sector 23 Cash Van Robbery (2012), placed on dark laboratory surface in Indian police forensic lab, yellow metric centimeter scale ruler alongside, sharp focus, professional laboratory evidence lighting."
CIV-2018-036,Nizamuddin Gold Bar Theft,EVD-036-011,CCTV_FOOTAGE,Nizamuddin Gold — Evidence Item 11,14d4a04cbd2337c63a0a46127c9dc699967d718464987a037a47376cc304ab09.png,"Grainy 1080p surveillance CCTV security camera frame at night, Nizamuddin Railway Station & Vault, Delhi, depicting Nizamuddin Gold — Evidence Item 11 (Nizamuddin Gold Bar Theft (2018)). Dark urban environment, overhead streetlights, digital timestamp and red REC [LIVE] indicator overlay in corner, forensic law enforcement evidence camera capture."
CIV-2018-036,Nizamuddin Gold Bar Theft,VIS-036-001,PHOTOGRAPH,Nizamuddin Gold — Visual Artifact 01,db270315db9490359dd8a2e32b676dadeba65b85ad045da5d2c68823b70be3a5.png,"Authentic field crime scene photograph captured with 35mm DSLR lens, realistic lighting, detailed forensic evidence capture at Nizamuddin Railway Station & Vault, Delhi: Nizamuddin Gold — Visual Artifact 01 related to Nizamuddin Gold Bar Theft (2018). Indian Police investigation unit evidence standards."
CIV-2018-036,Nizamuddin Gold Bar Theft,VIS-036-002,CCTV_FOOTAGE,Nizamuddin Gold — Visual Artifact 02,97ab9b3c8a066890e017b4a5f9da158c1168ede5d5842f28466498415003ac98.png,"Grainy 1080p surveillance CCTV security camera frame at night, Nizamuddin Railway Station & Vault, Delhi, depicting Nizamuddin Gold — Visual Artifact 02 (Nizamuddin Gold Bar Theft (2018)). Dark urban environment, overhead streetlights, digital timestamp and red REC [LIVE] indicator overlay in corner, forensic law enforcement evidence camera capture."
CIV-2018-036,Nizamuddin Gold Bar Theft,VIS-036-003,SKETCH,Nizamuddin Gold — Visual Artifact 03,6c2c71be305e9744f908ef15ad34f7c46447f541af834613431b759551dd09ce.png,"Police forensic composite suspect sketch on textured paper, detailed hand-drawn pencil and charcoal portrait, front view portrait of male suspect for Nizamuddin Gold Bar Theft (2018), police department evidence stamp on margin: Nizamuddin Gold — Visual Artifact 03."
CIV-2018-036,Nizamuddin Gold Bar Theft,VIS-036-004,PHYSICAL_EVIDENCE,Nizamuddin Gold — Visual Artifact 04,155a70541426673a9fa86b7120f9811384a399ef02e7a2ffa7d25ac0474d20a2.png,"Macro forensic photograph of physical evidence item (Nizamuddin Gold — Visual Artifact 04) for Nizamuddin Gold Bar Theft (2018), placed on dark laboratory surface in Indian police forensic lab, yellow metric centimeter scale ruler alongside, sharp focus, professional laboratory evidence lighting."
CIV-2018-036,Nizamuddin Gold Bar Theft,VIS-036-005,PHOTOGRAPH,Nizamuddin Gold — Visual Artifact 05,c32d7b6d6f497fae5e4b6387da10a83f8ba4a5383403095edf18e52e038b8b40.png,"Authentic field crime scene photograph captured with 35mm DSLR lens, realistic lighting, detailed forensic evidence capture at Nizamuddin Railway Station & Vault, Delhi: Nizamuddin Gold — Visual Artifact 05 related to Nizamuddin Gold Bar Theft (2018). Indian Police investigation unit evidence standards."
CIV-2018-036,Nizamuddin Gold Bar Theft,VIS-036-006,PHOTOGRAPH,Nizamuddin Gold — Visual Artifact 06,2cf9be2fad976b97629264426af86375b33edc04fdbdaf540d5c85c68d8dabe8.png,"Authentic field crime scene photograph captured with 35mm DSLR lens, realistic lighting, detailed forensic evidence capture at Nizamuddin Railway Station & Vault, Delhi: Nizamuddin Gold — Visual Artifact 06 related to Nizamuddin Gold Bar Theft (2018). Indian Police investigation unit evidence standards."
CIV-2018-036,Nizamuddin Gold Bar Theft,VIS-036-007,CCTV_FOOTAGE,Nizamuddin Gold — Visual Artifact 07,37208ee8769290feb06ebf32517aacc199e87a231197f2b1791e639b6674de85.png,"Grainy 1080p surveillance CCTV security camera frame at night, Nizamuddin Railway Station & Vault, Delhi, depicting Nizamuddin Gold — Visual Artifact 07 (Nizamuddin Gold Bar Theft (2018)). Dark urban environment, overhead streetlights, digital timestamp and red REC [LIVE] indicator overlay in corner, forensic law enforcement evidence camera capture."
CIV-2018-036,Nizamuddin Gold Bar Theft,VIS-036-008,PHOTOGRAPH,Nizamuddin Gold — Visual Artifact 08,5ae1795818fbf03af855e582a222bc61d4a47fbb9c9a60e1247b08a11376b73e.png,"Authentic field crime scene photograph captured with 35mm DSLR lens, realistic lighting, detailed forensic evidence capture at Nizamuddin Railway Station & Vault, Delhi: Nizamuddin Gold — Visual Artifact 08 related to Nizamuddin Gold Bar Theft (2018). Indian Police investigation unit evidence standards."
CIV-2018-036,Nizamuddin Gold Bar Theft,VIS-036-009,SKETCH,Nizamuddin Gold — Visual Artifact 09,d1b63a2e1d83ba91ee118fed0e0aac30309ecb69a9f534f1becf98bde2cdf204.png,"Police forensic composite suspect sketch on textured paper, detailed hand-drawn pencil and charcoal portrait, front view portrait of male suspect for Nizamuddin Gold Bar Theft (2018), police department evidence stamp on margin: Nizamuddin Gold — Visual Artifact 09."
CIV-2018-036,Nizamuddin Gold Bar Theft,VIS-036-010,PHYSICAL_EVIDENCE,Nizamuddin Gold — Visual Artifact 10,328c1a8b2340c4f7bd52394df9196576e804c7f46b759810c6f7e122ddefae1c.png,"Macro forensic photograph of physical evidence item (Nizamuddin Gold — Visual Artifact 10) for Nizamuddin Gold Bar Theft (2018), placed on dark laboratory surface in Indian police forensic lab, yellow metric centimeter scale ruler alongside, sharp focus, professional laboratory evidence lighting."
CIV-2018-036,Nizamuddin Gold Bar Theft,VIS-036-011,PHOTOGRAPH,Nizamuddin Gold — Visual Artifact 11,ae0ecaa48ce79a153aafcfe9ea353bc4e35445e9d85d2d8d8bcb42c2a08b4b0b.png,"Authentic field crime scene photograph captured with 35mm DSLR lens, realistic lighting, detailed forensic evidence capture at Nizamuddin Railway Station & Vault, Delhi: Nizamuddin Gold — Visual Artifact 11 related to Nizamuddin Gold Bar Theft (2018). Indian Police investigation unit evidence standards."
CIV-2018-036,Nizamuddin Gold Bar Theft,VIS-036-012,CCTV_FOOTAGE,Nizamuddin Gold — Visual Artifact 12,dbd782660324221601c3c1c054872cb74bf45e9849a315ab1496ad6cf1bbda8e.png,"Grainy 1080p surveillance CCTV security camera frame at night, Nizamuddin Railway Station & Vault, Delhi, depicting Nizamuddin Gold — Visual Artifact 12 (Nizamuddin Gold Bar Theft (2018)). Dark urban environment, overhead streetlights, digital timestamp and red REC [LIVE] indicator overlay in corner, forensic law enforcement evidence camera capture."
CIV-2018-036,Nizamuddin Gold Bar Theft,VIS-036-013,PHOTOGRAPH,Nizamuddin Gold — Visual Artifact 13,f2e13f3dea37374833d8bf93495fde244ad85c9dddef7bb8fc2d2c008435ef3a.png,"Authentic field crime scene photograph captured with 35mm DSLR lens, realistic lighting, detailed forensic evidence capture at Nizamuddin Railway Station & Vault, Delhi: Nizamuddin Gold — Visual Artifact 13 related to Nizamuddin Gold Bar Theft (2018). Indian Police investigation unit evidence standards."
CIV-2018-036,Nizamuddin Gold Bar Theft,VIS-036-014,PHYSICAL_EVIDENCE,Nizamuddin Gold — Visual Artifact 14,a65e8ed051605c556f8ddce8f9e3e56bbcc4580b6d2a5b40b4622e2d7005cf32.png,"Macro forensic photograph of physical evidence item (Nizamuddin Gold — Visual Artifact 14) for Nizamuddin Gold Bar Theft (2018), placed on dark laboratory surface in Indian police forensic lab, yellow metric centimeter scale ruler alongside, sharp focus, professional laboratory evidence lighting."
CIV-2021-003,NH-48 Dacoity with Truck Heist,EVD-003-002,CCTV_FOOTAGE,CAM-02 — Bolero HR-06UH-3818 Parked,df26c5a55313f87c048e3840e8a848275cbd9a0bdea5a62bc158a2f82624bec9.png,"Grainy 1080p surveillance CCTV security camera frame at night, National Highway 48 (Gurugram - Delhi Border), depicting CAM-02 — Bolero HR-06UH-3818 Parked (NH-48 Dacoity with Truck Heist (2021)). Dark urban environment, overhead streetlights, digital timestamp and red REC [LIVE] indicator overlay in corner, forensic law enforcement evidence camera capture."
CIV-2021-003,NH-48 Dacoity with Truck Heist,VIS-003-001,PHOTOGRAPH,CIVIX-003 — Visual Artifact 01,3dadd044102f1090011f92c783c948da6aeb3053b6bc65de446a8cbdee2797c6.png,"Authentic field crime scene photograph captured with 35mm DSLR lens, realistic lighting, detailed forensic evidence capture at National Highway 48 (Gurugram - Delhi Border): CIVIX-003 — Visual Artifact 01 related to NH-48 Dacoity with Truck Heist (2021). Indian Police investigation unit evidence standards."
CIV-2021-003,NH-48 Dacoity with Truck Heist,VIS-003-002,CCTV_FOOTAGE,CIVIX-003 — Visual Artifact 02,06d583109a1e1540a3eda931786cffc179f6d6c6dbea4f1d300af4b414c58925.png,"Grainy 1080p surveillance CCTV security camera frame at night, National Highway 48 (Gurugram - Delhi Border), depicting CIVIX-003 — Visual Artifact 02 (NH-48 Dacoity with Truck Heist (2021)). Dark urban environment, overhead streetlights, digital timestamp and red REC [LIVE] indicator overlay in corner, forensic law enforcement evidence camera capture."
CIV-2021-003,NH-48 Dacoity with Truck Heist,VIS-003-003,SKETCH,CIVIX-003 — Visual Artifact 03,ed46ba85553e6a9e7333c6dbadcaa966e7878822c4a10fa2dd0fc3cef33a7ad2.png,"Police forensic composite suspect sketch on textured paper, detailed hand-drawn pencil and charcoal portrait, front view portrait of male suspect for NH-48 Dacoity with Truck Heist (2021), police department evidence stamp on margin: CIVIX-003 — Visual Artifact 03."
CIV-2021-003,NH-48 Dacoity with Truck Heist,VIS-003-004,PHYSICAL_EVIDENCE,CIVIX-003 — Visual Artifact 04,7e606a43eafb8bc40055e3dfd06c0c941105430e5fb6e5ceeaa804b633013554.png,"Macro forensic photograph of physical evidence item (CIVIX-003 — Visual Artifact 04) for NH-48 Dacoity with Truck Heist (2021), placed on dark laboratory surface in Indian police forensic lab, yellow metric centimeter scale ruler alongside, sharp focus, professional laboratory evidence lighting."
CIV-2021-003,NH-48 Dacoity with Truck Heist,VIS-003-005,PHOTOGRAPH,CIVIX-003 — Visual Artifact 05,65f7b505910eabbacef3a3edab74bf5d677dfb53c6cf70ade75ee7c6484f4f27.png,"Authentic field crime scene photograph captured with 35mm DSLR lens, realistic lighting, detailed forensic evidence capture at National Highway 48 (Gurugram - Delhi Border): CIVIX-003 — Visual Artifact 05 related to NH-48 Dacoity with Truck Heist (2021). Indian Police investigation unit evidence standards."
CIV-2021-003,NH-48 Dacoity with Truck Heist,VIS-003-006,PHOTOGRAPH,CIVIX-003 — Visual Artifact 06,23910c03facb035097eb51789b5f3f95bbf6f1a2b82e4fd2e12c8760d3fb92e4.png,"Authentic field crime scene photograph captured with 35mm DSLR lens, realistic lighting, detailed forensic evidence capture at National Highway 48 (Gurugram - Delhi Border): CIVIX-003 — Visual Artifact 06 related to NH-48 Dacoity with Truck Heist (2021). Indian Police investigation unit evidence standards."
CIV-2021-003,NH-48 Dacoity with Truck Heist,VIS-003-007,CCTV_FOOTAGE,CIVIX-003 — Visual Artifact 07,1870fad07c0a8e6df3e02ae395a4f8efa236aa8d82b38c0418ada5ffcccd50de.png,"Grainy 1080p surveillance CCTV security camera frame at night, National Highway 48 (Gurugram - Delhi Border), depicting CIVIX-003 — Visual Artifact 07 (NH-48 Dacoity with Truck Heist (2021)). Dark urban environment, overhead streetlights, digital timestamp and red REC [LIVE] indicator overlay in corner, forensic law enforcement evidence camera capture."
CIV-2021-003,NH-48 Dacoity with Truck Heist,VIS-003-008,PHOTOGRAPH,CIVIX-003 — Visual Artifact 08,83e40bbb817a8b85999dc6a85f5e83fd9be7e1883927ce692c89623de64f3bc8.png,"Authentic field crime scene photograph captured with 35mm DSLR lens, realistic lighting, detailed forensic evidence capture at National Highway 48 (Gurugram - Delhi Border): CIVIX-003 — Visual Artifact 08 related to NH-48 Dacoity with Truck Heist (2021). Indian Police investigation unit evidence standards."
CIV-2021-003,NH-48 Dacoity with Truck Heist,VIS-003-009,SKETCH,CIVIX-003 — Visual Artifact 09,21c98b2f195705b7c007aa708b25cdb820485287baee9d1436542ca4cf790080.png,"Police forensic composite suspect sketch on textured paper, detailed hand-drawn pencil and charcoal portrait, front view portrait of male suspect for NH-48 Dacoity with Truck Heist (2021), police department evidence stamp on margin: CIVIX-003 — Visual Artifact 09."
CIV-2021-003,NH-48 Dacoity with Truck Heist,VIS-003-010,PHYSICAL_EVIDENCE,CIVIX-003 — Visual Artifact 10,5696093a08a766b18cce767e205495bac3ea7de2e68450b7742db4b646c5ed32.png,"Macro forensic photograph of physical evidence item (CIVIX-003 — Visual Artifact 10) for NH-48 Dacoity with Truck Heist (2021), placed on dark laboratory surface in Indian police forensic lab, yellow metric centimeter scale ruler alongside, sharp focus, professional laboratory evidence lighting."
CIV-2021-003,NH-48 Dacoity with Truck Heist,VIS-003-011,PHOTOGRAPH,CIVIX-003 — Visual Artifact 11,a02a12a65b0e470c047dcab0f3a224c144af3a33605ba310c885a650026edc7c.png,"Authentic field crime scene photograph captured with 35mm DSLR lens, realistic lighting, detailed forensic evidence capture at National Highway 48 (Gurugram - Delhi Border): CIVIX-003 — Visual Artifact 11 related to NH-48 Dacoity with Truck Heist (2021). Indian Police investigation unit evidence standards."
CIV-2021-003,NH-48 Dacoity with Truck Heist,VIS-003-012,CCTV_FOOTAGE,CIVIX-003 — Visual Artifact 12,f4aec0be41723a0634241c019493a0e597da3135a71f4d0c15f208de6dabb224.png,"Grainy 1080p surveillance CCTV security camera frame at night, National Highway 48 (Gurugram - Delhi Border), depicting CIVIX-003 — Visual Artifact 12 (NH-48 Dacoity with Truck Heist (2021)). Dark urban environment, overhead streetlights, digital timestamp and red REC [LIVE] indicator overlay in corner, forensic law enforcement evidence camera capture."
CIV-2021-003,NH-48 Dacoity with Truck Heist,VIS-003-013,PHOTOGRAPH,CIVIX-003 — Visual Artifact 13,f996db7b6ed306897d6c40f5b819da0becebef865227580aa4405dc668421c6c.png,"Authentic field crime scene photograph captured with 35mm DSLR lens, realistic lighting, detailed forensic evidence capture at National Highway 48 (Gurugram - Delhi Border): CIVIX-003 — Visual Artifact 13 related to NH-48 Dacoity with Truck Heist (2021). Indian Police investigation unit evidence standards."
CIV-2021-003,NH-48 Dacoity with Truck Heist,VIS-003-014,PHYSICAL_EVIDENCE,CIVIX-003 — Visual Artifact 14,ee677b0d7918786abe589eb741623529caf642f3c747309c0228017106f673c5.png,"Macro forensic photograph of physical evidence item (CIVIX-003 — Visual Artifact 14) for NH-48 Dacoity with Truck Heist (2021), placed on dark laboratory surface in Indian police forensic lab, yellow metric centimeter scale ruler alongside, sharp focus, professional laboratory evidence lighting."
CIV-2021-027,KYC Phishing Ring — Shahdara,EVD-027-011,CCTV_FOOTAGE,KYC Phishing — Evidence Item 11,e88de4fa7fd022850e82bdc404ba9a2ec0fd98e66042345302d921158188cbb0.png,"Grainy 1080p surveillance CCTV security camera frame at night, Shahdara Cyber Cell Raid, East Delhi, depicting KYC Phishing — Evidence Item 11 (KYC Phishing Ring — Shahdara (2021)). Dark urban environment, overhead streetlights, digital timestamp and red REC [LIVE] indicator overlay in corner, forensic law enforcement evidence camera capture."
CIV-2021-027,KYC Phishing Ring — Shahdara,VIS-027-001,PHOTOGRAPH,KYC Phishing — Visual Artifact 01,beef0ba9e4cbd618494aa6b6e8d86b22031575029054fd5cd8422528bedec846.png,"Authentic field crime scene photograph captured with 35mm DSLR lens, realistic lighting, detailed forensic evidence capture at Shahdara Cyber Cell Raid, East Delhi: KYC Phishing — Visual Artifact 01 related to KYC Phishing Ring — Shahdara (2021). Indian Police investigation unit evidence standards."
CIV-2021-027,KYC Phishing Ring — Shahdara,VIS-027-002,CCTV_FOOTAGE,KYC Phishing — Visual Artifact 02,217a877dce568338f2982c3381434736eefa1ffe4ce1048ef4987da6dd41d8e7.png,"Grainy 1080p surveillance CCTV security camera frame at night, Shahdara Cyber Cell Raid, East Delhi, depicting KYC Phishing — Visual Artifact 02 (KYC Phishing Ring — Shahdara (2021)). Dark urban environment, overhead streetlights, digital timestamp and red REC [LIVE] indicator overlay in corner, forensic law enforcement evidence camera capture."
CIV-2021-027,KYC Phishing Ring — Shahdara,VIS-027-003,SKETCH,KYC Phishing — Visual Artifact 03,49bcdeda9db1134e16484eec6940aff6e56d43fa0d91f6b746a60c62f2ffa8fd.png,"Police forensic composite suspect sketch on textured paper, detailed hand-drawn pencil and charcoal portrait, front view portrait of male suspect for KYC Phishing Ring — Shahdara (2021), police department evidence stamp on margin: KYC Phishing — Visual Artifact 03."
CIV-2021-027,KYC Phishing Ring — Shahdara,VIS-027-004,PHYSICAL_EVIDENCE,KYC Phishing — Visual Artifact 04,470c703fff0a49fa59550d979dec6f396e96a33763e029007abd9268cf8d7c8f.png,"Macro forensic photograph of physical evidence item (KYC Phishing — Visual Artifact 04) for KYC Phishing Ring — Shahdara (2021), placed on dark laboratory surface in Indian police forensic lab, yellow metric centimeter scale ruler alongside, sharp focus, professional laboratory evidence lighting."
CIV-2021-027,KYC Phishing Ring — Shahdara,VIS-027-005,PHOTOGRAPH,KYC Phishing — Visual Artifact 05,de3b5838d1001dd240c9d48adaefe5ac0a219cfe6a0b8dba86d9fb3880aed90b.png,"Authentic field crime scene photograph captured with 35mm DSLR lens, realistic lighting, detailed forensic evidence capture at Shahdara Cyber Cell Raid, East Delhi: KYC Phishing — Visual Artifact 05 related to KYC Phishing Ring — Shahdara (2021). Indian Police investigation unit evidence standards."
CIV-2021-027,KYC Phishing Ring — Shahdara,VIS-027-006,PHOTOGRAPH,KYC Phishing — Visual Artifact 06,2ffbb3091f06b16777f085b3b51477f6e517c66eb83052241cdd7ae94fcec5f4.png,"Authentic field crime scene photograph captured with 35mm DSLR lens, realistic lighting, detailed forensic evidence capture at Shahdara Cyber Cell Raid, East Delhi: KYC Phishing — Visual Artifact 06 related to KYC Phishing Ring — Shahdara (2021). Indian Police investigation unit evidence standards."
CIV-2021-027,KYC Phishing Ring — Shahdara,VIS-027-007,CCTV_FOOTAGE,KYC Phishing — Visual Artifact 07,08866a1cd6a79c9b220df736dbdb0e0254fda0ee2762cabea6b020d822528e51.png,"Grainy 1080p surveillance CCTV security camera frame at night, Shahdara Cyber Cell Raid, East Delhi, depicting KYC Phishing — Visual Artifact 07 (KYC Phishing Ring — Shahdara (2021)). Dark urban environment, overhead streetlights, digital timestamp and red REC [LIVE] indicator overlay in corner, forensic law enforcement evidence camera capture."
CIV-2021-027,KYC Phishing Ring — Shahdara,VIS-027-008,PHOTOGRAPH,KYC Phishing — Visual Artifact 08,69a5fd715d4350d060eb994fa418e86da7a44976a338774a71cf6d7d135bd9a6.png,"Authentic field crime scene photograph captured with 35mm DSLR lens, realistic lighting, detailed forensic evidence capture at Shahdara Cyber Cell Raid, East Delhi: KYC Phishing — Visual Artifact 08 related to KYC Phishing Ring — Shahdara (2021). Indian Police investigation unit evidence standards."
CIV-2021-027,KYC Phishing Ring — Shahdara,VIS-027-009,SKETCH,KYC Phishing — Visual Artifact 09,aac3aa49a1d0e23efe9d4f38eaa51c12e6fc622aee2b4315df22a98c0866d70d.png,"Police forensic composite suspect sketch on textured paper, detailed hand-drawn pencil and charcoal portrait, front view portrait of male suspect for KYC Phishing Ring — Shahdara (2021), police department evidence stamp on margin: KYC Phishing — Visual Artifact 09."
CIV-2021-027,KYC Phishing Ring — Shahdara,VIS-027-010,PHYSICAL_EVIDENCE,KYC Phishing — Visual Artifact 10,293f365caa97587bef5ac4b3bf97c96cce0d8466866fba63a68225cdcde2b9ba.png,"Macro forensic photograph of physical evidence item (KYC Phishing — Visual Artifact 10) for KYC Phishing Ring — Shahdara (2021), placed on dark laboratory surface in Indian police forensic lab, yellow metric centimeter scale ruler alongside, sharp focus, professional laboratory evidence lighting."
CIV-2021-027,KYC Phishing Ring — Shahdara,VIS-027-011,PHOTOGRAPH,KYC Phishing — Visual Artifact 11,d201a4d23d50e55dfdaf45b94c2b2405a2e49ea25168f88996b6bced0dfa1c6b.png,"Authentic field crime scene photograph captured with 35mm DSLR lens, realistic lighting, detailed forensic evidence capture at Shahdara Cyber Cell Raid, East Delhi: KYC Phishing — Visual Artifact 11 related to KYC Phishing Ring — Shahdara (2021). Indian Police investigation unit evidence standards."
CIV-2021-027,KYC Phishing Ring — Shahdara,VIS-027-012,CCTV_FOOTAGE,KYC Phishing — Visual Artifact 12,565c237cc30e83ba7aca1cc3fde543279b4d54f971775e612f785051ea8be1d4.png,"Grainy 1080p surveillance CCTV security camera frame at night, Shahdara Cyber Cell Raid, East Delhi, depicting KYC Phishing — Visual Artifact 12 (KYC Phishing Ring — Shahdara (2021)). Dark urban environment, overhead streetlights, digital timestamp and red REC [LIVE] indicator overlay in corner, forensic law enforcement evidence camera capture."
CIV-2021-027,KYC Phishing Ring — Shahdara,VIS-027-013,PHOTOGRAPH,KYC Phishing — Visual Artifact 13,3f9f3e0a1f09233e01102b63832535a3705ef43e873dfa8479fdc1986add5e76.png,"Authentic field crime scene photograph captured with 35mm DSLR lens, realistic lighting, detailed forensic evidence capture at Shahdara Cyber Cell Raid, East Delhi: KYC Phishing — Visual Artifact 13 related to KYC Phishing Ring — Shahdara (2021). Indian Police investigation unit evidence standards."
CIV-2021-027,KYC Phishing Ring — Shahdara,VIS-027-014,PHYSICAL_EVIDENCE,KYC Phishing — Visual Artifact 14,3a17940b2d6f20e1f0b783a144b64f2727c9940624ea0e806133901bfa19e43b.png,"Macro forensic photograph of physical evidence item (KYC Phishing — Visual Artifact 14) for KYC Phishing Ring — Shahdara (2021), placed on dark laboratory surface in Indian police forensic lab, yellow metric centimeter scale ruler alongside, sharp focus, professional laboratory evidence lighting."
CIV-2023-032,Digital Arrest Call Center — Rohini,EVD-032-011,CCTV_FOOTAGE,Digital Arrest — Evidence Item 11,856c83a6d5f9189e5842907e99d3d3c84aefa7f25ed200ff4bb40a18cd69ac54.png,"Grainy 1080p surveillance CCTV security camera frame at night, Rohini Sector 11 Commercial Complex, Delhi, depicting Digital Arrest — Evidence Item 11 (Digital Arrest Call Center — Rohini (2023)). Dark urban environment, overhead streetlights, digital timestamp and red REC [LIVE] indicator overlay in corner, forensic law enforcement evidence camera capture."
CIV-2023-032,Digital Arrest Call Center — Rohini,VIS-032-001,PHOTOGRAPH,Digital Arrest — Visual Artifact 01,ea715ec67a4efe27a1382dc877267e97b70aad36766970e65370c64df673bd90.png,"Authentic field crime scene photograph captured with 35mm DSLR lens, realistic lighting, detailed forensic evidence capture at Rohini Sector 11 Commercial Complex, Delhi: Digital Arrest — Visual Artifact 01 related to Digital Arrest Call Center — Rohini (2023). Indian Police investigation unit evidence standards."
CIV-2023-032,Digital Arrest Call Center — Rohini,VIS-032-002,CCTV_FOOTAGE,Digital Arrest — Visual Artifact 02,80fdcdffbddf34edbbbd293eaca2e277ffe9a417c8fba0deefffb91d1b879470.png,"Grainy 1080p surveillance CCTV security camera frame at night, Rohini Sector 11 Commercial Complex, Delhi, depicting Digital Arrest — Visual Artifact 02 (Digital Arrest Call Center — Rohini (2023)). Dark urban environment, overhead streetlights, digital timestamp and red REC [LIVE] indicator overlay in corner, forensic law enforcement evidence camera capture."
CIV-2023-032,Digital Arrest Call Center — Rohini,VIS-032-003,SKETCH,Digital Arrest — Visual Artifact 03,02415649a3fd8ad340bc005c635722d1860b1d4b91365dc4af842be4a7fe9235.png,"Police forensic composite suspect sketch on textured paper, detailed hand-drawn pencil and charcoal portrait, front view portrait of male suspect for Digital Arrest Call Center — Rohini (2023), police department evidence stamp on margin: Digital Arrest — Visual Artifact 03."
CIV-2023-032,Digital Arrest Call Center — Rohini,VIS-032-004,PHYSICAL_EVIDENCE,Digital Arrest — Visual Artifact 04,636ded79d90086d4bb689d7d75fa75679664d3f0c92a8e53c91dd89d2bb01743.png,"Macro forensic photograph of physical evidence item (Digital Arrest — Visual Artifact 04) for Digital Arrest Call Center — Rohini (2023), placed on dark laboratory surface in Indian police forensic lab, yellow metric centimeter scale ruler alongside, sharp focus, professional laboratory evidence lighting."
CIV-2023-032,Digital Arrest Call Center — Rohini,VIS-032-005,PHOTOGRAPH,Digital Arrest — Visual Artifact 05,8309f5dca91b87549b95402dec51d07dfdd6834f636fd5961c14d0cf0213e06a.png,"Authentic field crime scene photograph captured with 35mm DSLR lens, realistic lighting, detailed forensic evidence capture at Rohini Sector 11 Commercial Complex, Delhi: Digital Arrest — Visual Artifact 05 related to Digital Arrest Call Center — Rohini (2023). Indian Police investigation unit evidence standards."
CIV-2023-032,Digital Arrest Call Center — Rohini,VIS-032-006,PHOTOGRAPH,Digital Arrest — Visual Artifact 06,0adcbd926e4550240b6058bd36fd1c9f002ffe3beae1f278526eafa2c6ec55d6.png,"Authentic field crime scene photograph captured with 35mm DSLR lens, realistic lighting, detailed forensic evidence capture at Rohini Sector 11 Commercial Complex, Delhi: Digital Arrest — Visual Artifact 06 related to Digital Arrest Call Center — Rohini (2023). Indian Police investigation unit evidence standards."
CIV-2023-032,Digital Arrest Call Center — Rohini,VIS-032-007,CCTV_FOOTAGE,Digital Arrest — Visual Artifact 07,8875eaeb0b91fe155c1024296aa206369859e2719c663c1ad5f51c566d3ad5c4.png,"Grainy 1080p surveillance CCTV security camera frame at night, Rohini Sector 11 Commercial Complex, Delhi, depicting Digital Arrest — Visual Artifact 07 (Digital Arrest Call Center — Rohini (2023)). Dark urban environment, overhead streetlights, digital timestamp and red REC [LIVE] indicator overlay in corner, forensic law enforcement evidence camera capture."
CIV-2023-032,Digital Arrest Call Center — Rohini,VIS-032-008,PHOTOGRAPH,Digital Arrest — Visual Artifact 08,917d911d48dcc4ab701017759cd82b2469b2fae5ce366055c7d381b9000b1b60.png,"Authentic field crime scene photograph captured with 35mm DSLR lens, realistic lighting, detailed forensic evidence capture at Rohini Sector 11 Commercial Complex, Delhi: Digital Arrest — Visual Artifact 08 related to Digital Arrest Call Center — Rohini (2023). Indian Police investigation unit evidence standards."
CIV-2023-032,Digital Arrest Call Center — Rohini,VIS-032-009,SKETCH,Digital Arrest — Visual Artifact 09,4ff5b85dcc851d62aae63e779a0601a390ecfe6ea49bb15e2f8e368ad2177c4b.png,"Police forensic composite suspect sketch on textured paper, detailed hand-drawn pencil and charcoal portrait, front view portrait of male suspect for Digital Arrest Call Center — Rohini (2023), police department evidence stamp on margin: Digital Arrest — Visual Artifact 09."
CIV-2023-032,Digital Arrest Call Center — Rohini,VIS-032-010,PHYSICAL_EVIDENCE,Digital Arrest — Visual Artifact 10,be9ccffc4222ba90b1c14b3a463e78078c1825350ad81e38f7c4e0516b0d05dd.png,"Macro forensic photograph of physical evidence item (Digital Arrest — Visual Artifact 10) for Digital Arrest Call Center — Rohini (2023), placed on dark laboratory surface in Indian police forensic lab, yellow metric centimeter scale ruler alongside, sharp focus, professional laboratory evidence lighting."
CIV-2023-032,Digital Arrest Call Center — Rohini,VIS-032-011,PHOTOGRAPH,Digital Arrest — Visual Artifact 11,a3d2e08d55715b12451622752bc551953be42aefa674cd55ccc1923e85ba388a.png,"Authentic field crime scene photograph captured with 35mm DSLR lens, realistic lighting, detailed forensic evidence capture at Rohini Sector 11 Commercial Complex, Delhi: Digital Arrest — Visual Artifact 11 related to Digital Arrest Call Center — Rohini (2023). Indian Police investigation unit evidence standards."
CIV-2023-032,Digital Arrest Call Center — Rohini,VIS-032-012,CCTV_FOOTAGE,Digital Arrest — Visual Artifact 12,baa57e49605ee96536509546d9dc6e0c5a0750ba0c5507df70555ecc234e11cf.png,"Grainy 1080p surveillance CCTV security camera frame at night, Rohini Sector 11 Commercial Complex, Delhi, depicting Digital Arrest — Visual Artifact 12 (Digital Arrest Call Center — Rohini (2023)). Dark urban environment, overhead streetlights, digital timestamp and red REC [LIVE] indicator overlay in corner, forensic law enforcement evidence camera capture."
CIV-2023-032,Digital Arrest Call Center — Rohini,VIS-032-013,PHOTOGRAPH,Digital Arrest — Visual Artifact 13,56d6d0f86425450350007269c29ced063f60cfe902760bc743e30f7ca854c38a.png,"Authentic field crime scene photograph captured with 35mm DSLR lens, realistic lighting, detailed forensic evidence capture at Rohini Sector 11 Commercial Complex, Delhi: Digital Arrest — Visual Artifact 13 related to Digital Arrest Call Center — Rohini (2023). Indian Police investigation unit evidence standards."
CIV-2023-032,Digital Arrest Call Center — Rohini,VIS-032-014,PHYSICAL_EVIDENCE,Digital Arrest — Visual Artifact 14,278207b40a0cc6c8996f8f6ded0305da59c20cea283da507aa10d0e6922878ba.png,"Macro forensic photograph of physical evidence item (Digital Arrest — Visual Artifact 14) for Digital Arrest Call Center — Rohini (2023), placed on dark laboratory surface in Indian police forensic lab, yellow metric centimeter scale ruler alongside, sharp focus, professional laboratory evidence lighting."
CIV-2023-044,Gurugram Benami Land Fraud,EVD-044-011,CCTV_FOOTAGE,Benami Land — Evidence Item 11,7ab5b83e96175ec73d3aadb9adad74885e841517f7b22356c32249de184f9bb8.png,"Grainy 1080p surveillance CCTV security camera frame at night, Revenue Office & Land Registry, Gurugram Haryana, depicting Benami Land — Evidence Item 11 (Gurugram Benami Land Fraud (2023)). Dark urban environment, overhead streetlights, digital timestamp and red REC [LIVE] indicator overlay in corner, forensic law enforcement evidence camera capture."
CIV-2023-044,Gurugram Benami Land Fraud,VIS-044-001,PHOTOGRAPH,Benami Land — Visual Artifact 01,b180d4171dad6c4371c01e02ae963ed98b7dd6ec4ec0bf98c928deee8419b4c3.png,"Authentic field crime scene photograph captured with 35mm DSLR lens, realistic lighting, detailed forensic evidence capture at Revenue Office & Land Registry, Gurugram Haryana: Benami Land — Visual Artifact 01 related to Gurugram Benami Land Fraud (2023). Indian Police investigation unit evidence standards."
CIV-2023-044,Gurugram Benami Land Fraud,VIS-044-002,CCTV_FOOTAGE,Benami Land — Visual Artifact 02,f5c512bf907447b400ae82b0568674f3d7e23486640526fe94a1766373e50cd3.png,"Grainy 1080p surveillance CCTV security camera frame at night, Revenue Office & Land Registry, Gurugram Haryana, depicting Benami Land — Visual Artifact 02 (Gurugram Benami Land Fraud (2023)). Dark urban environment, overhead streetlights, digital timestamp and red REC [LIVE] indicator overlay in corner, forensic law enforcement evidence camera capture."
CIV-2023-044,Gurugram Benami Land Fraud,VIS-044-003,SKETCH,Benami Land — Visual Artifact 03,b80f953431cb2203d5f327bd2e61cd4416f12bc9034fc4a234968adf6b732daf.png,"Police forensic composite suspect sketch on textured paper, detailed hand-drawn pencil and charcoal portrait, front view portrait of male suspect for Gurugram Benami Land Fraud (2023), police department evidence stamp on margin: Benami Land — Visual Artifact 03."
CIV-2023-044,Gurugram Benami Land Fraud,VIS-044-004,PHYSICAL_EVIDENCE,Benami Land — Visual Artifact 04,ec8b715c9f00f325b793fc49537d4dd9ae4462027796837c7e671869302349cc.png,"Macro forensic photograph of physical evidence item (Benami Land — Visual Artifact 04) for Gurugram Benami Land Fraud (2023), placed on dark laboratory surface in Indian police forensic lab, yellow metric centimeter scale ruler alongside, sharp focus, professional laboratory evidence lighting."
CIV-2023-044,Gurugram Benami Land Fraud,VIS-044-005,PHOTOGRAPH,Benami Land — Visual Artifact 05,6c477e28ef872325bad64a40c3caafae10fb5a4386793ffa36eae9c925da838a.png,"Authentic field crime scene photograph captured with 35mm DSLR lens, realistic lighting, detailed forensic evidence capture at Revenue Office & Land Registry, Gurugram Haryana: Benami Land — Visual Artifact 05 related to Gurugram Benami Land Fraud (2023). Indian Police investigation unit evidence standards."
CIV-2023-044,Gurugram Benami Land Fraud,VIS-044-006,PHOTOGRAPH,Benami Land — Visual Artifact 06,69cc0b024931ea64ac7486e9606a7ebbe7a5e4d9872bb7474faee20545744780.png,"Authentic field crime scene photograph captured with 35mm DSLR lens, realistic lighting, detailed forensic evidence capture at Revenue Office & Land Registry, Gurugram Haryana: Benami Land — Visual Artifact 06 related to Gurugram Benami Land Fraud (2023). Indian Police investigation unit evidence standards."
CIV-2023-044,Gurugram Benami Land Fraud,VIS-044-007,CCTV_FOOTAGE,Benami Land — Visual Artifact 07,cfb16a2f79402e4edc5f5c6d97c017e9ee70d7fa835592e377e917d1685c5f16.png,"Grainy 1080p surveillance CCTV security camera frame at night, Revenue Office & Land Registry, Gurugram Haryana, depicting Benami Land — Visual Artifact 07 (Gurugram Benami Land Fraud (2023)). Dark urban environment, overhead streetlights, digital timestamp and red REC [LIVE] indicator overlay in corner, forensic law enforcement evidence camera capture."
CIV-2023-044,Gurugram Benami Land Fraud,VIS-044-008,PHOTOGRAPH,Benami Land — Visual Artifact 08,4ac26b82952c2cbb862e024560daa181b93c27458f6ae506a37f64e1f6c70d7f.png,"Authentic field crime scene photograph captured with 35mm DSLR lens, realistic lighting, detailed forensic evidence capture at Revenue Office & Land Registry, Gurugram Haryana: Benami Land — Visual Artifact 08 related to Gurugram Benami Land Fraud (2023). Indian Police investigation unit evidence standards."
CIV-2023-044,Gurugram Benami Land Fraud,VIS-044-009,SKETCH,Benami Land — Visual Artifact 09,dc8665e3fd072e516a939e4becdf88821fcf76c16880e4da94cda45fabf49078.png,"Police forensic composite suspect sketch on textured paper, detailed hand-drawn pencil and charcoal portrait, front view portrait of male suspect for Gurugram Benami Land Fraud (2023), police department evidence stamp on margin: Benami Land — Visual Artifact 09."
CIV-2023-044,Gurugram Benami Land Fraud,VIS-044-010,PHYSICAL_EVIDENCE,Benami Land — Visual Artifact 10,2cfc6e508ff5699f44a691efc99c1aa3572d771fcc104f5e865deb5940e3d80e.png,"Macro forensic photograph of physical evidence item (Benami Land — Visual Artifact 10) for Gurugram Benami Land Fraud (2023), placed on dark laboratory surface in Indian police forensic lab, yellow metric centimeter scale ruler alongside, sharp focus, professional laboratory evidence lighting."
CIV-2023-044,Gurugram Benami Land Fraud,VIS-044-011,PHOTOGRAPH,Benami Land — Visual Artifact 11,a15a112747c00fa29d16acc7599f5b383469b75017af38e9b4974862eda92473.png,"Authentic field crime scene photograph captured with 35mm DSLR lens, realistic lighting, detailed forensic evidence capture at Revenue Office & Land Registry, Gurugram Haryana: Benami Land — Visual Artifact 11 related to Gurugram Benami Land Fraud (2023). Indian Police investigation unit evidence standards."
CIV-2023-044,Gurugram Benami Land Fraud,VIS-044-012,CCTV_FOOTAGE,Benami Land — Visual Artifact 12,c4327c17ea0c2785f7598342ae6bb0ae5a1503e6530bc6f9b04364629bb718f3.png,"Grainy 1080p surveillance CCTV security camera frame at night, Revenue Office & Land Registry, Gurugram Haryana, depicting Benami Land — Visual Artifact 12 (Gurugram Benami Land Fraud (2023)). Dark urban environment, overhead streetlights, digital timestamp and red REC [LIVE] indicator overlay in corner, forensic law enforcement evidence camera capture."
CIV-2023-044,Gurugram Benami Land Fraud,VIS-044-013,PHOTOGRAPH,Benami Land — Visual Artifact 13,90550a49a9d8f409ed7575392320c3d08b0bf87733aaf913bf725294931c5c7c.png,"Authentic field crime scene photograph captured with 35mm DSLR lens, realistic lighting, detailed forensic evidence capture at Revenue Office & Land Registry, Gurugram Haryana: Benami Land — Visual Artifact 13 related to Gurugram Benami Land Fraud (2023). Indian Police investigation unit evidence standards."
CIV-2023-044,Gurugram Benami Land Fraud,VIS-044-014,PHYSICAL_EVIDENCE,Benami Land — Visual Artifact 14,29b068e809bc8431c9e2b6a59f2c5978311155ee8f4b914d35b7a79015396dc7.png,"Macro forensic photograph of physical evidence item (Benami Land — Visual Artifact 14) for Gurugram Benami Land Fraud (2023), placed on dark laboratory surface in Indian police forensic lab, yellow metric centimeter scale ruler alongside, sharp focus, professional laboratory evidence lighting."
CIV-2024-010,Arham Bullion GST Fraud & SAR Intelligence,EVD-010-011,CCTV_FOOTAGE,GST SAR — Evidence Item 11,6ff763628a375a5e09ad679c4aad9c396bd36d29d34950acbb0ea847d7c4a62f.png,"Grainy 1080p surveillance CCTV security camera frame at night, Chandni Chowk Bullion Market & GST Raid, Delhi, depicting GST SAR — Evidence Item 11 (Arham Bullion GST Fraud & SAR Intelligence (2024)). Dark urban environment, overhead streetlights, digital timestamp and red REC [LIVE] indicator overlay in corner, forensic law enforcement evidence camera capture."
CIV-2024-010,Arham Bullion GST Fraud & SAR Intelligence,VIS-010-001,PHOTOGRAPH,GST SAR — Visual Artifact 01,2491da3c4e03518921adee8429e5c1b3d2e9253bb775708b905d5ae7b7c140fc.png,"Authentic field crime scene photograph captured with 35mm DSLR lens, realistic lighting, detailed forensic evidence capture at Chandni Chowk Bullion Market & GST Raid, Delhi: GST SAR — Visual Artifact 01 related to Arham Bullion GST Fraud & SAR Intelligence (2024). Indian Police investigation unit evidence standards."
CIV-2024-010,Arham Bullion GST Fraud & SAR Intelligence,VIS-010-002,CCTV_FOOTAGE,GST SAR — Visual Artifact 02,726e27589d6faa034dfa44abf28db11886291bc2ccb322432f4c224480231267.png,"Grainy 1080p surveillance CCTV security camera frame at night, Chandni Chowk Bullion Market & GST Raid, Delhi, depicting GST SAR — Visual Artifact 02 (Arham Bullion GST Fraud & SAR Intelligence (2024)). Dark urban environment, overhead streetlights, digital timestamp and red REC [LIVE] indicator overlay in corner, forensic law enforcement evidence camera capture."
CIV-2024-010,Arham Bullion GST Fraud & SAR Intelligence,VIS-010-003,SKETCH,GST SAR — Visual Artifact 03,66bb46e3aea7212a77ce1125d0e1d8932962cc20a01fee67f15dd8266685951f.png,"Police forensic composite suspect sketch on textured paper, detailed hand-drawn pencil and charcoal portrait, front view portrait of male suspect for Arham Bullion GST Fraud & SAR Intelligence (2024), police department evidence stamp on margin: GST SAR — Visual Artifact 03."
CIV-2024-010,Arham Bullion GST Fraud & SAR Intelligence,VIS-010-004,PHYSICAL_EVIDENCE,GST SAR — Visual Artifact 04,f23f5c911705202b66ee57198e54bbddd9768fd51f8a7a7357cb267f061bdab0.png,"Macro forensic photograph of physical evidence item (GST SAR — Visual Artifact 04) for Arham Bullion GST Fraud & SAR Intelligence (2024), placed on dark laboratory surface in Indian police forensic lab, yellow metric centimeter scale ruler alongside, sharp focus, professional laboratory evidence lighting."
CIV-2024-010,Arham Bullion GST Fraud & SAR Intelligence,VIS-010-005,PHOTOGRAPH,GST SAR — Visual Artifact 05,f1f201c93483f91f92a64201a877ed2d1894b8d7879eda3e232df2fd011fb46b.png,"Authentic field crime scene photograph captured with 35mm DSLR lens, realistic lighting, detailed forensic evidence capture at Chandni Chowk Bullion Market & GST Raid, Delhi: GST SAR — Visual Artifact 05 related to Arham Bullion GST Fraud & SAR Intelligence (2024). Indian Police investigation unit evidence standards."
CIV-2024-010,Arham Bullion GST Fraud & SAR Intelligence,VIS-010-006,PHOTOGRAPH,GST SAR — Visual Artifact 06,c5b265cf0a8fb7c4692665d3fe4609720b2d83f9a77265f9bfdcc69ecf9b367f.png,"Authentic field crime scene photograph captured with 35mm DSLR lens, realistic lighting, detailed forensic evidence capture at Chandni Chowk Bullion Market & GST Raid, Delhi: GST SAR — Visual Artifact 06 related to Arham Bullion GST Fraud & SAR Intelligence (2024). Indian Police investigation unit evidence standards."
CIV-2024-010,Arham Bullion GST Fraud & SAR Intelligence,VIS-010-007,CCTV_FOOTAGE,GST SAR — Visual Artifact 07,2cf34f1e653bf89fbc1cd2ebf86f1175cbd1b2d5fed312de4bfbcd35737e99b0.png,"Grainy 1080p surveillance CCTV security camera frame at night, Chandni Chowk Bullion Market & GST Raid, Delhi, depicting GST SAR — Visual Artifact 07 (Arham Bullion GST Fraud & SAR Intelligence (2024)). Dark urban environment, overhead streetlights, digital timestamp and red REC [LIVE] indicator overlay in corner, forensic law enforcement evidence camera capture."
CIV-2024-010,Arham Bullion GST Fraud & SAR Intelligence,VIS-010-008,PHOTOGRAPH,GST SAR — Visual Artifact 08,f48decb4ed96dfbb6b777a231b073981c76945fbf02e2080f9c86a999fd2a6a7.png,"Authentic field crime scene photograph captured with 35mm DSLR lens, realistic lighting, detailed forensic evidence capture at Chandni Chowk Bullion Market & GST Raid, Delhi: GST SAR — Visual Artifact 08 related to Arham Bullion GST Fraud & SAR Intelligence (2024). Indian Police investigation unit evidence standards."
CIV-2024-010,Arham Bullion GST Fraud & SAR Intelligence,VIS-010-009,SKETCH,GST SAR — Visual Artifact 09,d39f7763c75978b69ad5751ae1e2a1bacd29a2e45130123b668027cabe54157b.png,"Police forensic composite suspect sketch on textured paper, detailed hand-drawn pencil and charcoal portrait, front view portrait of male suspect for Arham Bullion GST Fraud & SAR Intelligence (2024), police department evidence stamp on margin: GST SAR — Visual Artifact 09."
CIV-2024-010,Arham Bullion GST Fraud & SAR Intelligence,VIS-010-010,PHYSICAL_EVIDENCE,GST SAR — Visual Artifact 10,c49d2a804d51f853b15c5159d8dbe726d34b25bb4ac317b71aef745b1c6383d2.png,"Macro forensic photograph of physical evidence item (GST SAR — Visual Artifact 10) for Arham Bullion GST Fraud & SAR Intelligence (2024), placed on dark laboratory surface in Indian police forensic lab, yellow metric centimeter scale ruler alongside, sharp focus, professional laboratory evidence lighting."
CIV-2024-010,Arham Bullion GST Fraud & SAR Intelligence,VIS-010-011,PHOTOGRAPH,GST SAR — Visual Artifact 11,46e6f788ba29e8d7df02493af5e60b99203d602de2985d03e10be5eb0a96baab.png,"Authentic field crime scene photograph captured with 35mm DSLR lens, realistic lighting, detailed forensic evidence capture at Chandni Chowk Bullion Market & GST Raid, Delhi: GST SAR — Visual Artifact 11 related to Arham Bullion GST Fraud & SAR Intelligence (2024). Indian Police investigation unit evidence standards."
CIV-2024-010,Arham Bullion GST Fraud & SAR Intelligence,VIS-010-012,CCTV_FOOTAGE,GST SAR — Visual Artifact 12,8f36fb7b9486ba4b10b50d6e6f30115df95bc8c82204de263f8c16899ed75ae5.png,"Grainy 1080p surveillance CCTV security camera frame at night, Chandni Chowk Bullion Market & GST Raid, Delhi, depicting GST SAR — Visual Artifact 12 (Arham Bullion GST Fraud & SAR Intelligence (2024)). Dark urban environment, overhead streetlights, digital timestamp and red REC [LIVE] indicator overlay in corner, forensic law enforcement evidence camera capture."
CIV-2024-010,Arham Bullion GST Fraud & SAR Intelligence,VIS-010-013,PHOTOGRAPH,GST SAR — Visual Artifact 13,1d00536ae3a0470bfc7bfad4be2cc2f7f07209b52d28ce157d05e48834bbff8d.png,"Authentic field crime scene photograph captured with 35mm DSLR lens, realistic lighting, detailed forensic evidence capture at Chandni Chowk Bullion Market & GST Raid, Delhi: GST SAR — Visual Artifact 13 related to Arham Bullion GST Fraud & SAR Intelligence (2024). Indian Police investigation unit evidence standards."
CIV-2024-010,Arham Bullion GST Fraud & SAR Intelligence,VIS-010-014,PHYSICAL_EVIDENCE,GST SAR — Visual Artifact 14,c7adc6c2bd47d898ae1801c9c3c2ac137645815eeed3893e27399c181b0b550a.png,"Macro forensic photograph of physical evidence item (GST SAR — Visual Artifact 14) for Arham Bullion GST Fraud & SAR Intelligence (2024), placed on dark laboratory surface in Indian police forensic lab, yellow metric centimeter scale ruler alongside, sharp focus, professional laboratory evidence lighting."
CIV-2024-038,IGI Cargo Smuggling & Interpol Overlap,EVD-038-011,CCTV_FOOTAGE,IGI Cargo — Evidence Item 11,cbd11e8a3362cec80a0709cd821490213eda5a3ce56c9c795647b2b16c02b268.png,"Grainy 1080p surveillance CCTV security camera frame at night, IGI Airport International Cargo Terminal, Delhi, depicting IGI Cargo — Evidence Item 11 (IGI Cargo Smuggling & Interpol Overlap (2024)). Dark urban environment, overhead streetlights, digital timestamp and red REC [LIVE] indicator overlay in corner, forensic law enforcement evidence camera capture."
CIV-2024-038,IGI Cargo Smuggling & Interpol Overlap,VIS-038-001,PHOTOGRAPH,IGI Cargo — Visual Artifact 01,89d3fc793dd989cd9aed3e222321d02b3989e5f4c2e9bd28eb45020565f46acb.png,"Authentic field crime scene photograph captured with 35mm DSLR lens, realistic lighting, detailed forensic evidence capture at IGI Airport International Cargo Terminal, Delhi: IGI Cargo — Visual Artifact 01 related to IGI Cargo Smuggling & Interpol Overlap (2024). Indian Police investigation unit evidence standards."
CIV-2024-038,IGI Cargo Smuggling & Interpol Overlap,VIS-038-002,CCTV_FOOTAGE,IGI Cargo — Visual Artifact 02,3a50385ef23e2b0a9147f6d4971cca57ab30550187e34c2b410287f0c2b581cb.png,"Grainy 1080p surveillance CCTV security camera frame at night, IGI Airport International Cargo Terminal, Delhi, depicting IGI Cargo — Visual Artifact 02 (IGI Cargo Smuggling & Interpol Overlap (2024)). Dark urban environment, overhead streetlights, digital timestamp and red REC [LIVE] indicator overlay in corner, forensic law enforcement evidence camera capture."
CIV-2024-038,IGI Cargo Smuggling & Interpol Overlap,VIS-038-003,SKETCH,IGI Cargo — Visual Artifact 03,5074be8023a4a91a268e03eb97dfc19a9ff94ea7e8a88a98f3be942232855986.png,"Police forensic composite suspect sketch on textured paper, detailed hand-drawn pencil and charcoal portrait, front view portrait of male suspect for IGI Cargo Smuggling & Interpol Overlap (2024), police department evidence stamp on margin: IGI Cargo — Visual Artifact 03."
CIV-2024-038,IGI Cargo Smuggling & Interpol Overlap,VIS-038-004,PHYSICAL_EVIDENCE,IGI Cargo — Visual Artifact 04,415b04ba4521e56c02c920123c8e510bfdf9e66b930b036c651641b037a5e80a.png,"Macro forensic photograph of physical evidence item (IGI Cargo — Visual Artifact 04) for IGI Cargo Smuggling & Interpol Overlap (2024), placed on dark laboratory surface in Indian police forensic lab, yellow metric centimeter scale ruler alongside, sharp focus, professional laboratory evidence lighting."
CIV-2024-038,IGI Cargo Smuggling & Interpol Overlap,VIS-038-005,PHOTOGRAPH,IGI Cargo — Visual Artifact 05,1f76cbf27da1038bdcadb7828568f276c328943c5ba138f53ad199eeff62327b.png,"Authentic field crime scene photograph captured with 35mm DSLR lens, realistic lighting, detailed forensic evidence capture at IGI Airport International Cargo Terminal, Delhi: IGI Cargo — Visual Artifact 05 related to IGI Cargo Smuggling & Interpol Overlap (2024). Indian Police investigation unit evidence standards."
CIV-2024-038,IGI Cargo Smuggling & Interpol Overlap,VIS-038-006,PHOTOGRAPH,IGI Cargo — Visual Artifact 06,a6b4ced45c38d203b23a85dad7aabd105662b4f6ca432089e82e0fe0256db404.png,"Authentic field crime scene photograph captured with 35mm DSLR lens, realistic lighting, detailed forensic evidence capture at IGI Airport International Cargo Terminal, Delhi: IGI Cargo — Visual Artifact 06 related to IGI Cargo Smuggling & Interpol Overlap (2024). Indian Police investigation unit evidence standards."
CIV-2024-038,IGI Cargo Smuggling & Interpol Overlap,VIS-038-007,CCTV_FOOTAGE,IGI Cargo — Visual Artifact 07,6b31aa9974e810ee0809d6796e0d38f91523744a545ca770331bc43486d79a72.png,"Grainy 1080p surveillance CCTV security camera frame at night, IGI Airport International Cargo Terminal, Delhi, depicting IGI Cargo — Visual Artifact 07 (IGI Cargo Smuggling & Interpol Overlap (2024)). Dark urban environment, overhead streetlights, digital timestamp and red REC [LIVE] indicator overlay in corner, forensic law enforcement evidence camera capture."
CIV-2024-038,IGI Cargo Smuggling & Interpol Overlap,VIS-038-008,PHOTOGRAPH,IGI Cargo — Visual Artifact 08,c51f84e16e20ae8b3a487f3dffe59f639455ead93cfc887f0bb086b8a70f98c7.png,"Authentic field crime scene photograph captured with 35mm DSLR lens, realistic lighting, detailed forensic evidence capture at IGI Airport International Cargo Terminal, Delhi: IGI Cargo — Visual Artifact 08 related to IGI Cargo Smuggling & Interpol Overlap (2024). Indian Police investigation unit evidence standards."
CIV-2024-038,IGI Cargo Smuggling & Interpol Overlap,VIS-038-009,SKETCH,IGI Cargo — Visual Artifact 09,0bd38fbb607e08abbbfe9dc42f403d4f88c9c67e6ec32c0ef235c18a374aff53.png,"Police forensic composite suspect sketch on textured paper, detailed hand-drawn pencil and charcoal portrait, front view portrait of male suspect for IGI Cargo Smuggling & Interpol Overlap (2024), police department evidence stamp on margin: IGI Cargo — Visual Artifact 09."
CIV-2024-038,IGI Cargo Smuggling & Interpol Overlap,VIS-038-010,PHYSICAL_EVIDENCE,IGI Cargo — Visual Artifact 10,6636e29d1ae1d8087d7903e374b9ebfb2d70f6129850236690867e83ef299369.png,"Macro forensic photograph of physical evidence item (IGI Cargo — Visual Artifact 10) for IGI Cargo Smuggling & Interpol Overlap (2024), placed on dark laboratory surface in Indian police forensic lab, yellow metric centimeter scale ruler alongside, sharp focus, professional laboratory evidence lighting."
CIV-2024-038,IGI Cargo Smuggling & Interpol Overlap,VIS-038-011,PHOTOGRAPH,IGI Cargo — Visual Artifact 11,50637c2f1e287674d5cc034fd645e579ac50fa7f9202dc5662f24e3e2db9931a.png,"Authentic field crime scene photograph captured with 35mm DSLR lens, realistic lighting, detailed forensic evidence capture at IGI Airport International Cargo Terminal, Delhi: IGI Cargo — Visual Artifact 11 related to IGI Cargo Smuggling & Interpol Overlap (2024). Indian Police investigation unit evidence standards."
CIV-2024-038,IGI Cargo Smuggling & Interpol Overlap,VIS-038-012,CCTV_FOOTAGE,IGI Cargo — Visual Artifact 12,81309a6fcc916efcc80bbf5608779fa83d196ad4ce1f8d5815e55b83ab3d43ff.png,"Grainy 1080p surveillance CCTV security camera frame at night, IGI Airport International Cargo Terminal, Delhi, depicting IGI Cargo — Visual Artifact 12 (IGI Cargo Smuggling & Interpol Overlap (2024)). Dark urban environment, overhead streetlights, digital timestamp and red REC [LIVE] indicator overlay in corner, forensic law enforcement evidence camera capture."
CIV-2024-038,IGI Cargo Smuggling & Interpol Overlap,VIS-038-013,PHOTOGRAPH,IGI Cargo — Visual Artifact 13,b175c53044caf316e0424c09d98e402e62e44fb044fe90fb3a55d8277de88092.png,"Authentic field crime scene photograph captured with 35mm DSLR lens, realistic lighting, detailed forensic evidence capture at IGI Airport International Cargo Terminal, Delhi: IGI Cargo — Visual Artifact 13 related to IGI Cargo Smuggling & Interpol Overlap (2024). Indian Police investigation unit evidence standards."
CIV-2024-038,IGI Cargo Smuggling & Interpol Overlap,VIS-038-014,PHYSICAL_EVIDENCE,IGI Cargo — Visual Artifact 14,c5b8e87a7b39fed139023b3a8ebfab06982f2da952f7ede27f73b18cf5e8a25a.png,"Macro forensic photograph of physical evidence item (IGI Cargo — Visual Artifact 14) for IGI Cargo Smuggling & Interpol Overlap (2024), placed on dark laboratory surface in Indian police forensic lab, yellow metric centimeter scale ruler alongside, sharp focus, professional laboratory evidence lighting."
CIV-2024-051,Ghost Vendor PWD Procurement Fraud,EVD-051-011,CCTV_FOOTAGE,Ghost Vendor — Evidence Item 11,b03e2ed645b74983d6f644a5a5d27216091ef8e9a61b32b2700f2c9e967c4db1.png,"Grainy 1080p surveillance CCTV security camera frame at night, PWD Office & Infrastructure Site, Delhi NCR, depicting Ghost Vendor — Evidence Item 11 (Ghost Vendor PWD Procurement Fraud (2024)). Dark urban environment, overhead streetlights, digital timestamp and red REC [LIVE] indicator overlay in corner, forensic law enforcement evidence camera capture."
CIV-2024-051,Ghost Vendor PWD Procurement Fraud,VIS-051-001,PHOTOGRAPH,Ghost Vendor — Visual Artifact 01,1385a8b3141fd3ff3531fc6426dd1f11bd1a3c8c1c26eb3c48eec40e206bc0e6.png,"Authentic field crime scene photograph captured with 35mm DSLR lens, realistic lighting, detailed forensic evidence capture at PWD Office & Infrastructure Site, Delhi NCR: Ghost Vendor — Visual Artifact 01 related to Ghost Vendor PWD Procurement Fraud (2024). Indian Police investigation unit evidence standards."
CIV-2024-051,Ghost Vendor PWD Procurement Fraud,VIS-051-002,CCTV_FOOTAGE,Ghost Vendor — Visual Artifact 02,8538e481ece1ec2f9159bfb74bed7c5414ede72d2d2fffa7955ca6e0e38cc25d.png,"Grainy 1080p surveillance CCTV security camera frame at night, PWD Office & Infrastructure Site, Delhi NCR, depicting Ghost Vendor — Visual Artifact 02 (Ghost Vendor PWD Procurement Fraud (2024)). Dark urban environment, overhead streetlights, digital timestamp and red REC [LIVE] indicator overlay in corner, forensic law enforcement evidence camera capture."
CIV-2024-051,Ghost Vendor PWD Procurement Fraud,VIS-051-003,SKETCH,Ghost Vendor — Visual Artifact 03,11d5e95d136961c0cd9da2cd8a6ff7f666bc3c5e3c2d3be4697aa71579521865.png,"Police forensic composite suspect sketch on textured paper, detailed hand-drawn pencil and charcoal portrait, front view portrait of male suspect for Ghost Vendor PWD Procurement Fraud (2024), police department evidence stamp on margin: Ghost Vendor — Visual Artifact 03."
CIV-2024-051,Ghost Vendor PWD Procurement Fraud,VIS-051-004,PHYSICAL_EVIDENCE,Ghost Vendor — Visual Artifact 04,7796777218846caf8aa10e3ad2f74bf8a87a1d748057c29fa27ea88bb1b1c8ad.png,"Macro forensic photograph of physical evidence item (Ghost Vendor — Visual Artifact 04) for Ghost Vendor PWD Procurement Fraud (2024), placed on dark laboratory surface in Indian police forensic lab, yellow metric centimeter scale ruler alongside, sharp focus, professional laboratory evidence lighting."
CIV-2024-051,Ghost Vendor PWD Procurement Fraud,VIS-051-005,PHOTOGRAPH,Ghost Vendor — Visual Artifact 05,b35f6dd7f293f19bc1c38ca2003b48fb8c2ff0a26ab5445944c4045e5ce2cfc7.png,"Authentic field crime scene photograph captured with 35mm DSLR lens, realistic lighting, detailed forensic evidence capture at PWD Office & Infrastructure Site, Delhi NCR: Ghost Vendor — Visual Artifact 05 related to Ghost Vendor PWD Procurement Fraud (2024). Indian Police investigation unit evidence standards."
CIV-2024-051,Ghost Vendor PWD Procurement Fraud,VIS-051-006,PHOTOGRAPH,Ghost Vendor — Visual Artifact 06,4296657c29b3195d17061be4a6d4e99fbc1f565499f2067cc93edd5e439f82d1.png,"Authentic field crime scene photograph captured with 35mm DSLR lens, realistic lighting, detailed forensic evidence capture at PWD Office & Infrastructure Site, Delhi NCR: Ghost Vendor — Visual Artifact 06 related to Ghost Vendor PWD Procurement Fraud (2024). Indian Police investigation unit evidence standards."
CIV-2024-051,Ghost Vendor PWD Procurement Fraud,VIS-051-007,CCTV_FOOTAGE,Ghost Vendor — Visual Artifact 07,f95414bb01ec63505a98f59c2c2c52d25658cd4ca106bd5b8902e0b3b72e52cc.png,"Grainy 1080p surveillance CCTV security camera frame at night, PWD Office & Infrastructure Site, Delhi NCR, depicting Ghost Vendor — Visual Artifact 07 (Ghost Vendor PWD Procurement Fraud (2024)). Dark urban environment, overhead streetlights, digital timestamp and red REC [LIVE] indicator overlay in corner, forensic law enforcement evidence camera capture."
CIV-2024-051,Ghost Vendor PWD Procurement Fraud,VIS-051-008,PHOTOGRAPH,Ghost Vendor — Visual Artifact 08,2abc69230810b93746e42360769b97c6fd9bf7f263f3e0283981f1083f7e918b.png,"Authentic field crime scene photograph captured with 35mm DSLR lens, realistic lighting, detailed forensic evidence capture at PWD Office & Infrastructure Site, Delhi NCR: Ghost Vendor — Visual Artifact 08 related to Ghost Vendor PWD Procurement Fraud (2024). Indian Police investigation unit evidence standards."
CIV-2024-051,Ghost Vendor PWD Procurement Fraud,VIS-051-009,SKETCH,Ghost Vendor — Visual Artifact 09,a6e8e924032889b0767584222f97f416673b5f099e33953cc8c0531c2f1a49cc.png,"Police forensic composite suspect sketch on textured paper, detailed hand-drawn pencil and charcoal portrait, front view portrait of male suspect for Ghost Vendor PWD Procurement Fraud (2024), police department evidence stamp on margin: Ghost Vendor — Visual Artifact 09."
CIV-2024-051,Ghost Vendor PWD Procurement Fraud,VIS-051-010,PHYSICAL_EVIDENCE,Ghost Vendor — Visual Artifact 10,3c1431968380d05f78d83ab84a2fa20048cc5688451028f8ff5a6c18a5dcaae1.png,"Macro forensic photograph of physical evidence item (Ghost Vendor — Visual Artifact 10) for Ghost Vendor PWD Procurement Fraud (2024), placed on dark laboratory surface in Indian police forensic lab, yellow metric centimeter scale ruler alongside, sharp focus, professional laboratory evidence lighting."
CIV-2024-051,Ghost Vendor PWD Procurement Fraud,VIS-051-011,PHOTOGRAPH,Ghost Vendor — Visual Artifact 11,0c0d9b07f41c839a90a0398eb24cd1dacb7a08054c678a1cd388541ee9885384.png,"Authentic field crime scene photograph captured with 35mm DSLR lens, realistic lighting, detailed forensic evidence capture at PWD Office & Infrastructure Site, Delhi NCR: Ghost Vendor — Visual Artifact 11 related to Ghost Vendor PWD Procurement Fraud (2024). Indian Police investigation unit evidence standards."
CIV-2024-051,Ghost Vendor PWD Procurement Fraud,VIS-051-012,CCTV_FOOTAGE,Ghost Vendor — Visual Artifact 12,464ebbf7806bd4ee9698fafc06bbb78525152f6ddbd233b4dc1d22d99d0892f2.png,"Grainy 1080p surveillance CCTV security camera frame at night, PWD Office & Infrastructure Site, Delhi NCR, depicting Ghost Vendor — Visual Artifact 12 (Ghost Vendor PWD Procurement Fraud (2024)). Dark urban environment, overhead streetlights, digital timestamp and red REC [LIVE] indicator overlay in corner, forensic law enforcement evidence camera capture."
CIV-2024-051,Ghost Vendor PWD Procurement Fraud,VIS-051-013,PHOTOGRAPH,Ghost Vendor — Visual Artifact 13,02d3d92ccb38a627bcc43f14ace884ce4ead061e6c0a146e3087ebd6e52d8a96.png,"Authentic field crime scene photograph captured with 35mm DSLR lens, realistic lighting, detailed forensic evidence capture at PWD Office & Infrastructure Site, Delhi NCR: Ghost Vendor — Visual Artifact 13 related to Ghost Vendor PWD Procurement Fraud (2024). Indian Police investigation unit evidence standards."
CIV-2024-051,Ghost Vendor PWD Procurement Fraud,VIS-051-014,PHYSICAL_EVIDENCE,Ghost Vendor — Visual Artifact 14,601e8e365ac9894f9f9183dc2dae6399769181e6711fa7979549b13f033330ac.png,"Macro forensic photograph of physical evidence item (Ghost Vendor — Visual Artifact 14) for Ghost Vendor PWD Procurement Fraud (2024), placed on dark laboratory surface in Indian police forensic lab, yellow metric centimeter scale ruler alongside, sharp focus, professional laboratory evidence lighting."
CIV-2025-022,Gold Bar Concealment — Okhla Warehouse,EVD-022-011,CCTV_FOOTAGE,Okhla Gold — Evidence Item 11,f6e18cc1eddc8e9ba91b5c465a4ecc85388118a2ba80c67efc3b0dcf3e5642aa.png,"Grainy 1080p surveillance CCTV security camera frame at night, Okhla Industrial Area Phase III Warehouse, Delhi, depicting Okhla Gold — Evidence Item 11 (Gold Bar Concealment — Okhla Warehouse (2025)). Dark urban environment, overhead streetlights, digital timestamp and red REC [LIVE] indicator overlay in corner, forensic law enforcement evidence camera capture."
CIV-2025-022,Gold Bar Concealment — Okhla Warehouse,VIS-022-001,PHOTOGRAPH,Okhla Gold — Visual Artifact 01,221a1c96df49892f13716ad616aa5a40cc9ed38f805f287a1023f9c65c5e3c70.png,"Authentic field crime scene photograph captured with 35mm DSLR lens, realistic lighting, detailed forensic evidence capture at Okhla Industrial Area Phase III Warehouse, Delhi: Okhla Gold — Visual Artifact 01 related to Gold Bar Concealment — Okhla Warehouse (2025). Indian Police investigation unit evidence standards."
CIV-2025-022,Gold Bar Concealment — Okhla Warehouse,VIS-022-002,CCTV_FOOTAGE,Okhla Gold — Visual Artifact 02,c05ca7e3d0727a7b92246aa79bc64c1c07ec8b73fc2959d63d603ad092a61a92.png,"Grainy 1080p surveillance CCTV security camera frame at night, Okhla Industrial Area Phase III Warehouse, Delhi, depicting Okhla Gold — Visual Artifact 02 (Gold Bar Concealment — Okhla Warehouse (2025)). Dark urban environment, overhead streetlights, digital timestamp and red REC [LIVE] indicator overlay in corner, forensic law enforcement evidence camera capture."
CIV-2025-022,Gold Bar Concealment — Okhla Warehouse,VIS-022-003,SKETCH,Okhla Gold — Visual Artifact 03,5bc365ac85c52ca967388d4a59e705be2e7818fec2b497bf8f2844c09d80e975.png,"Police forensic composite suspect sketch on textured paper, detailed hand-drawn pencil and charcoal portrait, front view portrait of male suspect for Gold Bar Concealment — Okhla Warehouse (2025), police department evidence stamp on margin: Okhla Gold — Visual Artifact 03."
CIV-2025-022,Gold Bar Concealment — Okhla Warehouse,VIS-022-004,PHYSICAL_EVIDENCE,Okhla Gold — Visual Artifact 04,699e9598f4845d59f087ba2dd95163bae4d2ecefeaad9ce74e49facfefa79148.png,"Macro forensic photograph of physical evidence item (Okhla Gold — Visual Artifact 04) for Gold Bar Concealment — Okhla Warehouse (2025), placed on dark laboratory surface in Indian police forensic lab, yellow metric centimeter scale ruler alongside, sharp focus, professional laboratory evidence lighting."
CIV-2025-022,Gold Bar Concealment — Okhla Warehouse,VIS-022-005,PHOTOGRAPH,Okhla Gold — Visual Artifact 05,e35f094319d6849fa30bb727e136a8e70bb95e187bd93e6b1b4af6cb5dc708a8.png,"Authentic field crime scene photograph captured with 35mm DSLR lens, realistic lighting, detailed forensic evidence capture at Okhla Industrial Area Phase III Warehouse, Delhi: Okhla Gold — Visual Artifact 05 related to Gold Bar Concealment — Okhla Warehouse (2025). Indian Police investigation unit evidence standards."
CIV-2025-022,Gold Bar Concealment — Okhla Warehouse,VIS-022-006,PHOTOGRAPH,Okhla Gold — Visual Artifact 06,c32dd2adcc37866de6b7dceb9b661384d8f9c2400dc592767f27db78f9cef298.png,"Authentic field crime scene photograph captured with 35mm DSLR lens, realistic lighting, detailed forensic evidence capture at Okhla Industrial Area Phase III Warehouse, Delhi: Okhla Gold — Visual Artifact 06 related to Gold Bar Concealment — Okhla Warehouse (2025). Indian Police investigation unit evidence standards."
CIV-2025-022,Gold Bar Concealment — Okhla Warehouse,VIS-022-007,CCTV_FOOTAGE,Okhla Gold — Visual Artifact 07,02a82ff9c301246ec00a8087d62c58a79d04a9eea5b6f04aa1beac53d3448bc3.png,"Grainy 1080p surveillance CCTV security camera frame at night, Okhla Industrial Area Phase III Warehouse, Delhi, depicting Okhla Gold — Visual Artifact 07 (Gold Bar Concealment — Okhla Warehouse (2025)). Dark urban environment, overhead streetlights, digital timestamp and red REC [LIVE] indicator overlay in corner, forensic law enforcement evidence camera capture."
CIV-2025-022,Gold Bar Concealment — Okhla Warehouse,VIS-022-008,PHOTOGRAPH,Okhla Gold — Visual Artifact 08,1770da09401d2f7bd9f9cf27d60ff777445ba31fcf7e70b99663455e04374b60.png,"Authentic field crime scene photograph captured with 35mm DSLR lens, realistic lighting, detailed forensic evidence capture at Okhla Industrial Area Phase III Warehouse, Delhi: Okhla Gold — Visual Artifact 08 related to Gold Bar Concealment — Okhla Warehouse (2025). Indian Police investigation unit evidence standards."
CIV-2025-022,Gold Bar Concealment — Okhla Warehouse,VIS-022-009,SKETCH,Okhla Gold — Visual Artifact 09,baecf989dbd41489b93a494aab2e4bb33243e068c52469110f376bec65fc27f2.png,"Police forensic composite suspect sketch on textured paper, detailed hand-drawn pencil and charcoal portrait, front view portrait of male suspect for Gold Bar Concealment — Okhla Warehouse (2025), police department evidence stamp on margin: Okhla Gold — Visual Artifact 09."
CIV-2025-022,Gold Bar Concealment — Okhla Warehouse,VIS-022-010,PHYSICAL_EVIDENCE,Okhla Gold — Visual Artifact 10,ac5e34bf2594c866b2563d5c9ecb6f47c0f639d9cba2ade5c367b1f41b398b2f.png,"Macro forensic photograph of physical evidence item (Okhla Gold — Visual Artifact 10) for Gold Bar Concealment — Okhla Warehouse (2025), placed on dark laboratory surface in Indian police forensic lab, yellow metric centimeter scale ruler alongside, sharp focus, professional laboratory evidence lighting."
CIV-2025-022,Gold Bar Concealment — Okhla Warehouse,VIS-022-011,PHOTOGRAPH,Okhla Gold — Visual Artifact 11,dc9d3df4974947a9bf1d2f5f6ea4d8fb71e981f1b575742055f0f8bb35a42dc4.png,"Authentic field crime scene photograph captured with 35mm DSLR lens, realistic lighting, detailed forensic evidence capture at Okhla Industrial Area Phase III Warehouse, Delhi: Okhla Gold — Visual Artifact 11 related to Gold Bar Concealment — Okhla Warehouse (2025). Indian Police investigation unit evidence standards."
CIV-2025-022,Gold Bar Concealment — Okhla Warehouse,VIS-022-012,CCTV_FOOTAGE,Okhla Gold — Visual Artifact 12,1effe1dc6127b28c15089cc803ea217ae7794ade195718cd6cc766bdda441af8.png,"Grainy 1080p surveillance CCTV security camera frame at night, Okhla Industrial Area Phase III Warehouse, Delhi, depicting Okhla Gold — Visual Artifact 12 (Gold Bar Concealment — Okhla Warehouse (2025)). Dark urban environment, overhead streetlights, digital timestamp and red REC [LIVE] indicator overlay in corner, forensic law enforcement evidence camera capture."
CIV-2025-022,Gold Bar Concealment — Okhla Warehouse,VIS-022-013,PHOTOGRAPH,Okhla Gold — Visual Artifact 13,636b30a76c9fbdac9d459a7e8802b937452fa0ffa33ece4512867ea0fed9ab4f.png,"Authentic field crime scene photograph captured with 35mm DSLR lens, realistic lighting, detailed forensic evidence capture at Okhla Industrial Area Phase III Warehouse, Delhi: Okhla Gold — Visual Artifact 13 related to Gold Bar Concealment — Okhla Warehouse (2025). Indian Police investigation unit evidence standards."
CIV-2025-022,Gold Bar Concealment — Okhla Warehouse,VIS-022-014,PHYSICAL_EVIDENCE,Okhla Gold — Visual Artifact 14,3d9006f89d35fc5aae3e34cee229425b7f5d5826b5d996ba8ad5f610b870359c.png,"Macro forensic photograph of physical evidence item (Okhla Gold — Visual Artifact 14) for Gold Bar Concealment — Okhla Warehouse (2025), placed on dark laboratory surface in Indian police forensic lab, yellow metric centimeter scale ruler alongside, sharp focus, professional laboratory evidence lighting."
CIV-2026-009,Najafgarh Robbery & Suresh Valmiki Arrest,VIS-009-001,PHOTOGRAPH,CIVIX-009 — Visual Artifact 01,470949ca64556cc7cb791995145ebbde2fa3f25e62d18f5c0949495d509b6e90.png,"Authentic field crime scene photograph captured with 35mm DSLR lens, realistic lighting, detailed forensic evidence capture at Najafgarh Main Market & Alleyway, Delhi: CIVIX-009 — Visual Artifact 01 related to Najafgarh Robbery & Suresh Valmiki Arrest (2026). Indian Police investigation unit evidence standards."
CIV-2026-009,Najafgarh Robbery & Suresh Valmiki Arrest,VIS-009-002,CCTV_FOOTAGE,CIVIX-009 — Visual Artifact 02,4a0daf32cc850710140f51d2cac67987225235f4cc274796b26eaf58b44b3d7e.png,"Grainy 1080p surveillance CCTV security camera frame at night, Najafgarh Main Market & Alleyway, Delhi, depicting CIVIX-009 — Visual Artifact 02 (Najafgarh Robbery & Suresh Valmiki Arrest (2026)). Dark urban environment, overhead streetlights, digital timestamp and red REC [LIVE] indicator overlay in corner, forensic law enforcement evidence camera capture."
CIV-2026-009,Najafgarh Robbery & Suresh Valmiki Arrest,VIS-009-003,SKETCH,CIVIX-009 — Visual Artifact 03,7227533ec717ba056ecbd2af972b707d501f922c2ff82fac2987b7dd8e4a6f86.png,"Police forensic composite suspect sketch on textured paper, detailed hand-drawn pencil and charcoal portrait, front view portrait of male suspect for Najafgarh Robbery & Suresh Valmiki Arrest (2026), police department evidence stamp on margin: CIVIX-009 — Visual Artifact 03."
CIV-2026-009,Najafgarh Robbery & Suresh Valmiki Arrest,VIS-009-004,PHYSICAL_EVIDENCE,CIVIX-009 — Visual Artifact 04,db18ff23a7f1e1b668067856049e47212d5d4d0761862f5a8fb4f50b43534352.png,"Macro forensic photograph of physical evidence item (CIVIX-009 — Visual Artifact 04) for Najafgarh Robbery & Suresh Valmiki Arrest (2026), placed on dark laboratory surface in Indian police forensic lab, yellow metric centimeter scale ruler alongside, sharp focus, professional laboratory evidence lighting."
CIV-2026-009,Najafgarh Robbery & Suresh Valmiki Arrest,VIS-009-005,PHOTOGRAPH,CIVIX-009 — Visual Artifact 05,a3978ba3564e3d2bc3c22eb15dc1786ef527374d94b790433f32921a2212f48d.png,"Authentic field crime scene photograph captured with 35mm DSLR lens, realistic lighting, detailed forensic evidence capture at Najafgarh Main Market & Alleyway, Delhi: CIVIX-009 — Visual Artifact 05 related to Najafgarh Robbery & Suresh Valmiki Arrest (2026). Indian Police investigation unit evidence standards."
CIV-2026-009,Najafgarh Robbery & Suresh Valmiki Arrest,VIS-009-006,PHOTOGRAPH,CIVIX-009 — Visual Artifact 06,4d50d3475f03cf44b3dcdb50a8f35a323d75989fd3739f3665c91edbe44855b0.png,"Authentic field crime scene photograph captured with 35mm DSLR lens, realistic lighting, detailed forensic evidence capture at Najafgarh Main Market & Alleyway, Delhi: CIVIX-009 — Visual Artifact 06 related to Najafgarh Robbery & Suresh Valmiki Arrest (2026). Indian Police investigation unit evidence standards."
CIV-2026-009,Najafgarh Robbery & Suresh Valmiki Arrest,VIS-009-007,CCTV_FOOTAGE,CIVIX-009 — Visual Artifact 07,f9bd4c1e0dbb54e76f2b3d9c3b22b9f7a84708da5d05279e7a9f48690800fb70.png,"Grainy 1080p surveillance CCTV security camera frame at night, Najafgarh Main Market & Alleyway, Delhi, depicting CIVIX-009 — Visual Artifact 07 (Najafgarh Robbery & Suresh Valmiki Arrest (2026)). Dark urban environment, overhead streetlights, digital timestamp and red REC [LIVE] indicator overlay in corner, forensic law enforcement evidence camera capture."
CIV-2026-009,Najafgarh Robbery & Suresh Valmiki Arrest,VIS-009-008,PHOTOGRAPH,CIVIX-009 — Visual Artifact 08,5a7c30a0b69600cb6c600273d5a9a4985cb206b3690065ca073eed14caace047.png,"Authentic field crime scene photograph captured with 35mm DSLR lens, realistic lighting, detailed forensic evidence capture at Najafgarh Main Market & Alleyway, Delhi: CIVIX-009 — Visual Artifact 08 related to Najafgarh Robbery & Suresh Valmiki Arrest (2026). Indian Police investigation unit evidence standards."
CIV-2026-009,Najafgarh Robbery & Suresh Valmiki Arrest,VIS-009-009,SKETCH,CIVIX-009 — Visual Artifact 09,8812059f5a9af86909fb8c8b7e77f569a80848599413842b97e829faf7c40674.png,"Police forensic composite suspect sketch on textured paper, detailed hand-drawn pencil and charcoal portrait, front view portrait of male suspect for Najafgarh Robbery & Suresh Valmiki Arrest (2026), police department evidence stamp on margin: CIVIX-009 — Visual Artifact 09."
CIV-2026-009,Najafgarh Robbery & Suresh Valmiki Arrest,VIS-009-010,PHYSICAL_EVIDENCE,CIVIX-009 — Visual Artifact 10,dc130b0649a7a6fa748d6f9266c6b849e8e0039b271d68954829addcb456bb00.png,"Macro forensic photograph of physical evidence item (CIVIX-009 — Visual Artifact 10) for Najafgarh Robbery & Suresh Valmiki Arrest (2026), placed on dark laboratory surface in Indian police forensic lab, yellow metric centimeter scale ruler alongside, sharp focus, professional laboratory evidence lighting."
CIV-2026-009,Najafgarh Robbery & Suresh Valmiki Arrest,VIS-009-011,PHOTOGRAPH,CIVIX-009 — Visual Artifact 11,6d0512e85c061ea9dfcd98f0a36a2954bc9edfd592dbe3b868047acf19256f8e.png,"Authentic field crime scene photograph captured with 35mm DSLR lens, realistic lighting, detailed forensic evidence capture at Najafgarh Main Market & Alleyway, Delhi: CIVIX-009 — Visual Artifact 11 related to Najafgarh Robbery & Suresh Valmiki Arrest (2026). Indian Police investigation unit evidence standards."
CIV-2026-009,Najafgarh Robbery & Suresh Valmiki Arrest,VIS-009-012,CCTV_FOOTAGE,CIVIX-009 — Visual Artifact 12,c6754096bd340017c4fe45440ac731c346596cda9dabeb2a3ff23a38aea6eb06.png,"Grainy 1080p surveillance CCTV security camera frame at night, Najafgarh Main Market & Alleyway, Delhi, depicting CIVIX-009 — Visual Artifact 12 (Najafgarh Robbery & Suresh Valmiki Arrest (2026)). Dark urban environment, overhead streetlights, digital timestamp and red REC [LIVE] indicator overlay in corner, forensic law enforcement evidence camera capture."
CIV-2026-009,Najafgarh Robbery & Suresh Valmiki Arrest,VIS-009-013,PHOTOGRAPH,CIVIX-009 — Visual Artifact 13,9f6ca4fad06f9614fdbef5175cb32bce6c2a3de666aaaf2519befb2cf2229602.png,"Authentic field crime scene photograph captured with 35mm DSLR lens, realistic lighting, detailed forensic evidence capture at Najafgarh Main Market & Alleyway, Delhi: CIVIX-009 — Visual Artifact 13 related to Najafgarh Robbery & Suresh Valmiki Arrest (2026). Indian Police investigation unit evidence standards."
CIV-2026-009,Najafgarh Robbery & Suresh Valmiki Arrest,VIS-009-014,PHYSICAL_EVIDENCE,CIVIX-009 — Visual Artifact 14,fac4da1f68b37e2c2bfcf00b90dead94053c322bbf849fc4925503ee3268ee69.png,"Macro forensic photograph of physical evidence item (CIVIX-009 — Visual Artifact 14) for Najafgarh Robbery & Suresh Valmiki Arrest (2026), placed on dark laboratory surface in Indian police forensic lab, yellow metric centimeter scale ruler alongside, sharp focus, professional laboratory evidence lighting."
CIV-2026-019,Plate Cloning Ring — Spatial Paradox,EVD-019-011,CCTV_FOOTAGE,Plate Cloning — Evidence Item 11,ff25ce7b2df2c8826bbd41090e5bce64d5d9b73b472e31614f4e9f7b1687205d.png,"Grainy 1080p surveillance CCTV security camera frame at night, Dhaula Kuan & Noida Expressway ANPR Cameras, depicting Plate Cloning — Evidence Item 11 (Plate Cloning Ring — Spatial Paradox (2026)). Dark urban environment, overhead streetlights, digital timestamp and red REC [LIVE] indicator overlay in corner, forensic law enforcement evidence camera capture."
CIV-2026-019,Plate Cloning Ring — Spatial Paradox,VIS-019-001,PHOTOGRAPH,Plate Cloning — Visual Artifact 01,bba9c2b189fce6c8216cf67268d12673be0171357c9583fa89d35fb82931db76.png,"Authentic field crime scene photograph captured with 35mm DSLR lens, realistic lighting, detailed forensic evidence capture at Dhaula Kuan & Noida Expressway ANPR Cameras: Plate Cloning — Visual Artifact 01 related to Plate Cloning Ring — Spatial Paradox (2026). Indian Police investigation unit evidence standards."
CIV-2026-019,Plate Cloning Ring — Spatial Paradox,VIS-019-002,CCTV_FOOTAGE,Plate Cloning — Visual Artifact 02,35105b54a60cbe20b53ad5d9948e8d5b017cd8195c99a51fa2e9c91877c912f4.png,"Grainy 1080p surveillance CCTV security camera frame at night, Dhaula Kuan & Noida Expressway ANPR Cameras, depicting Plate Cloning — Visual Artifact 02 (Plate Cloning Ring — Spatial Paradox (2026)). Dark urban environment, overhead streetlights, digital timestamp and red REC [LIVE] indicator overlay in corner, forensic law enforcement evidence camera capture."
CIV-2026-019,Plate Cloning Ring — Spatial Paradox,VIS-019-003,SKETCH,Plate Cloning — Visual Artifact 03,0bf6102f41276e2e81d5678181b37a3eaf026f2d26637dcd47ae8fa99379c137.png,"Police forensic composite suspect sketch on textured paper, detailed hand-drawn pencil and charcoal portrait, front view portrait of male suspect for Plate Cloning Ring — Spatial Paradox (2026), police department evidence stamp on margin: Plate Cloning — Visual Artifact 03."
CIV-2026-019,Plate Cloning Ring — Spatial Paradox,VIS-019-004,PHYSICAL_EVIDENCE,Plate Cloning — Visual Artifact 04,471b8fa3f3542cdc468d3ddc602525ff6685028c718ff8a36a63c035bf18b42d.png,"Macro forensic photograph of physical evidence item (Plate Cloning — Visual Artifact 04) for Plate Cloning Ring — Spatial Paradox (2026), placed on dark laboratory surface in Indian police forensic lab, yellow metric centimeter scale ruler alongside, sharp focus, professional laboratory evidence lighting."
CIV-2026-019,Plate Cloning Ring — Spatial Paradox,VIS-019-005,PHOTOGRAPH,Plate Cloning — Visual Artifact 05,d1d038922badc4764b6b9abb56a59bd4c6a50bc93749a4ba78a0181d8316e515.png,"Authentic field crime scene photograph captured with 35mm DSLR lens, realistic lighting, detailed forensic evidence capture at Dhaula Kuan & Noida Expressway ANPR Cameras: Plate Cloning — Visual Artifact 05 related to Plate Cloning Ring — Spatial Paradox (2026). Indian Police investigation unit evidence standards."
CIV-2026-019,Plate Cloning Ring — Spatial Paradox,VIS-019-006,PHOTOGRAPH,Plate Cloning — Visual Artifact 06,72160dc861e5603365a8766271a9887bed2dec82171ce346c5841b93b4323e46.png,"Authentic field crime scene photograph captured with 35mm DSLR lens, realistic lighting, detailed forensic evidence capture at Dhaula Kuan & Noida Expressway ANPR Cameras: Plate Cloning — Visual Artifact 06 related to Plate Cloning Ring — Spatial Paradox (2026). Indian Police investigation unit evidence standards."
CIV-2026-019,Plate Cloning Ring — Spatial Paradox,VIS-019-007,CCTV_FOOTAGE,Plate Cloning — Visual Artifact 07,cf2fab84d38fd6153e831e2c4c4477744a8d9036b135dc11f26358244465350e.png,"Grainy 1080p surveillance CCTV security camera frame at night, Dhaula Kuan & Noida Expressway ANPR Cameras, depicting Plate Cloning — Visual Artifact 07 (Plate Cloning Ring — Spatial Paradox (2026)). Dark urban environment, overhead streetlights, digital timestamp and red REC [LIVE] indicator overlay in corner, forensic law enforcement evidence camera capture."
CIV-2026-019,Plate Cloning Ring — Spatial Paradox,VIS-019-008,PHOTOGRAPH,Plate Cloning — Visual Artifact 08,2d993463ddc806b54f8d60b2ab21190045f5fcd698eb6cd6040af38a3fdf2165.png,"Authentic field crime scene photograph captured with 35mm DSLR lens, realistic lighting, detailed forensic evidence capture at Dhaula Kuan & Noida Expressway ANPR Cameras: Plate Cloning — Visual Artifact 08 related to Plate Cloning Ring — Spatial Paradox (2026). Indian Police investigation unit evidence standards."
CIV-2026-019,Plate Cloning Ring — Spatial Paradox,VIS-019-009,SKETCH,Plate Cloning — Visual Artifact 09,f8e28f46afb8d6d67abcc484c8ba53eca30e537245a3688da44f2cecc97c4882.png,"Police forensic composite suspect sketch on textured paper, detailed hand-drawn pencil and charcoal portrait, front view portrait of male suspect for Plate Cloning Ring — Spatial Paradox (2026), police department evidence stamp on margin: Plate Cloning — Visual Artifact 09."
CIV-2026-019,Plate Cloning Ring — Spatial Paradox,VIS-019-010,PHYSICAL_EVIDENCE,Plate Cloning — Visual Artifact 10,ab3b85b34499424ba5f9712ef4e40f2a662d87903a7f9685b2ca312740e506ee.png,"Macro forensic photograph of physical evidence item (Plate Cloning — Visual Artifact 10) for Plate Cloning Ring — Spatial Paradox (2026), placed on dark laboratory surface in Indian police forensic lab, yellow metric centimeter scale ruler alongside, sharp focus, professional laboratory evidence lighting."
CIV-2026-019,Plate Cloning Ring — Spatial Paradox,VIS-019-011,PHOTOGRAPH,Plate Cloning — Visual Artifact 11,ad5ed9c1288e2f84f9740c4938379167aa8a9785d0be99302feb732130aba4e2.png,"Authentic field crime scene photograph captured with 35mm DSLR lens, realistic lighting, detailed forensic evidence capture at Dhaula Kuan & Noida Expressway ANPR Cameras: Plate Cloning — Visual Artifact 11 related to Plate Cloning Ring — Spatial Paradox (2026). Indian Police investigation unit evidence standards."
CIV-2026-019,Plate Cloning Ring — Spatial Paradox,VIS-019-012,CCTV_FOOTAGE,Plate Cloning — Visual Artifact 12,8d053933dd6a0d490bdaacd22cc0337999d7ea21b700b342bc8b562e43ab0e69.png,"Grainy 1080p surveillance CCTV security camera frame at night, Dhaula Kuan & Noida Expressway ANPR Cameras, depicting Plate Cloning — Visual Artifact 12 (Plate Cloning Ring — Spatial Paradox (2026)). Dark urban environment, overhead streetlights, digital timestamp and red REC [LIVE] indicator overlay in corner, forensic law enforcement evidence camera capture."
CIV-2026-019,Plate Cloning Ring — Spatial Paradox,VIS-019-013,PHOTOGRAPH,Plate Cloning — Visual Artifact 13,ddcda725c0aeb0ec6316804253bfb19f9ab690c087a57d3e0405d3a7b920a508.png,"Authentic field crime scene photograph captured with 35mm DSLR lens, realistic lighting, detailed forensic evidence capture at Dhaula Kuan & Noida Expressway ANPR Cameras: Plate Cloning — Visual Artifact 13 related to Plate Cloning Ring — Spatial Paradox (2026). Indian Police investigation unit evidence standards."
CIV-2026-019,Plate Cloning Ring — Spatial Paradox,VIS-019-014,PHYSICAL_EVIDENCE,Plate Cloning — Visual Artifact 14,3301a1fa36dcb52859b7f812e885a80681a2d56f1d28042810ea5a55155f80ab.png,"Macro forensic photograph of physical evidence item (Plate Cloning — Visual Artifact 14) for Plate Cloning Ring — Spatial Paradox (2026), placed on dark laboratory surface in Indian police forensic lab, yellow metric centimeter scale ruler alongside, sharp focus, professional laboratory evidence lighting."
